"Date","Residuals"
"2018-10-01",-0.17292069554748
"2018-10-02",0.043142338919187
"2018-10-03",0.0408144568078261
"2018-10-04",0.0520805680862894
"2018-10-05",0.0772785903860544
"2018-10-08",0.171295340765663
"2018-10-09",-0.0034243248355291
"2018-10-10",0.0289883966315121
"2018-10-11",0.000574734728513351
"2018-10-12",0.124721095235467
"2018-10-15",0.187399531275143
"2018-10-16",0.0525646992031478
"2018-10-17",0.107190136308228
"2018-10-18",0.153086739210504
"2018-10-19",0.21937433219358
"2018-10-22",0.203626470033427
"2018-10-23",0.112713439945264
"2018-10-24",0.125195117314863
"2018-10-25",0.107855862538972
"2018-10-26",0.0301508902759479
"2018-10-29",0.114985722347945
"2018-10-30",-0.0455818083280109
"2018-10-31",-0.306275334411783
"2018-11-01",-0.435591917365474
"2018-11-02",-0.411634733750506
"2018-11-05",-0.437549027468346
"2018-11-06",-0.329449817965495
"2018-11-07",-0.610616646229112
"2018-11-08",-0.43198528768144
"2018-11-09",0.384974349680794
"2018-11-12",-0.344416419863705
"2018-11-13",-0.25796239532294
"2018-11-14",-0.232794700135575
"2018-11-15",-0.259026693412584
"2018-11-16",-0.225309231876929
"2018-11-19",-0.214676360017955
"2018-11-20",-0.373238762663073
"2018-11-21",-0.285374940620457
"2018-11-22",-0.232865463397836
"2018-11-23",-0.370181972839425
"2018-11-26",-0.31376585718916
"2018-11-27",-0.233738057336128
"2018-11-28",-0.378598162001788
"2018-11-29",-0.294118938379463
"2018-11-30",-0.225902035146548
"2018-12-03",-0.245884344330983
"2018-12-04",-0.401271543522736
"2018-12-05",-0.360048395653499
"2018-12-06",-0.484363714977512
"2018-12-07",-0.221329038673322
"2018-12-10",-0.074359924088463
"2018-12-11",-0.163093180995158
"2018-12-12",-0.187543972949615
"2018-12-13",-0.320744448996645
"2018-12-14",-0.255725494551394
"2018-12-17",-0.266973915014293
"2018-12-18",-0.3996953144632
"2018-12-19",-0.366459456785035
"2018-12-20",-0.349120202009148
"2018-12-21",-0.332499745910698
"2018-12-24",-0.0894935012743838
"2018-12-25",-0.226947922520971
"2018-12-26",-0.364402343767664
"2018-12-27",-0.501856765014251
"2018-12-28",-0.396522638269195
"2018-12-31",-0.157274291318403
"2019-01-01",-0.296459640565287
"2019-01-02",-0.43564498981217
"2019-01-03",-0.501904782942217
"2019-01-04",-0.363660079856268
"2019-01-07",-0.444616073353656
"2019-01-08",-0.385483612773216
"2019-01-09",-0.272464731840071
"2019-01-10",-0.332288191244918
"2019-01-11",-0.28101197092899
"2019-01-14",-0.333181003258143
"2019-01-15",-0.372452095543235
"2019-01-16",-0.377808967622589
"2019-01-17",-0.240800048702708
"2019-01-18",-0.282603363544724
"2019-01-21",-0.401569392567478
"2019-01-22",-0.326389061083275
"2019-01-23",-0.273872002082551
"2019-01-24",-0.409627446020804
"2019-01-25",-0.52143076086282
"2019-01-28",-0.510553112405795
"2019-01-29",-0.630908720855465
"2019-01-30",-0.6793198554991
"2019-01-31",-0.795584703147878
"2019-02-01",-0.821859659834122
"2019-02-04",-0.811857132574757
"2019-02-05",-0.758116925704802
"2019-02-06",-0.819912658768716
"2019-02-07",-0.846341410715816
"2019-02-08",-0.89779922614563
"2019-02-11",-0.869415891355025
"2019-02-12",-0.980142271810567
"2019-02-13",-0.921738718945033
"2019-02-14",-0.923357911413797
"2019-02-15",-0.991378055976633
"2019-02-18",-0.962301195102254
"2019-02-19",-0.986931686726065
"2019-02-20",-0.940661784558559
"2019-02-21",-0.72443990031901
"2019-02-22",-0.918524416483587
"2019-02-25",-0.961072992714292
"2019-02-26",-0.918568570010403
"2019-02-27",-0.800149853588666
"2019-02-28",-0.806033820194109
"2019-03-01",-0.570877497673891
"2019-03-04",-0.846409646718713
"2019-03-05",-0.810883815822309
"2019-03-06",-0.876255851457859
"2019-03-07",-0.851433655682693
"2019-03-08",-0.837332785844337
"2019-03-11",-0.922694712442424
"2019-03-12",-0.983070538967024
"2019-03-13",-1.07094952456584
"2019-03-14",-1.03202645895232
"2019-03-15",-1.11864944231013
"2019-03-18",-1.19580457471276
"2019-03-19",-1.17633925101695
"2019-03-20",-1.16382977379433
"2019-03-21",-1.16350196519769
"2019-03-22",-1.1461854557561
"2019-03-25",-1.17601902419842
"2019-03-26",-1.23368861483031
"2019-03-27",-1.16830394289792
"2019-03-28",-1.22297234341223
"2019-03-29",-1.25101776056873
"2019-04-01",-0.751570127688486
"2019-04-02",-0.236051878570173
"2019-04-03",-0.719590272251314
"2019-04-04",-1.10134809642474
"2019-04-05",-1.04162283257468
"2019-04-08",-0.944331595726752
"2019-04-09",-1.06233152221465
"2019-04-10",-1.07541358463196
"2019-04-11",-1.05200876813675
"2019-04-12",-1.07522946225871
"2019-04-15",-1.14437455913599
"2019-04-16",-1.10723964480828
"2019-04-17",-1.10775915755627
"2019-04-18",-1.2033279518619
"2019-04-19",-1.17809045835229
"2019-04-22",-1.15285296484249
"2019-04-23",-1.12761547133288
"2019-04-24",-1.17655117324324
"2019-04-25",-1.26850322882737
"2019-04-26",-1.13850828334611
"2019-04-29",-1.07957510869512
"2019-04-30",-1.44815267489644
"2019-05-01",-1.20284627449231
"2019-05-02",-1.53161799859225
"2019-05-03",-1.76218040123737
"2019-05-06",-1.60794082618225
"2019-05-07",-1.49923466380165
"2019-05-08",-1.42833427001032
"2019-05-09",-1.47886389179578
"2019-05-10",-1.508170365712
"2019-05-13",-1.51746673059076
"2019-05-14",-1.58710859488173
"2019-05-15",-1.55228387184719
"2019-05-16",-1.62676941361793
"2019-05-17",-1.62947185862159
"2019-05-20",-1.75143402324319
"2019-05-21",-1.74465724462453
"2019-05-22",-1.7746597718839
"2019-05-23",-1.78644792316971
"2019-05-24",-1.88753496659366
"2019-05-27",-1.69986032144303
"2019-05-28",-1.90770139815135
"2019-05-29",-1.87432185424979
"2019-05-30",-1.54739128037027
"2019-05-31",-2.00543922478613
"2019-06-03",-1.50169396339745
"2019-06-04",-1.81487169411018
"2019-06-05",-1.85899278202347
"2019-06-06",-1.93437239943712
"2019-06-07",-1.92667500895219
"2019-06-10",-1.78023362070827
"2019-06-11",-1.87276078874646
"2019-06-12",-1.90919206795292
"2019-06-13",-1.845073507299
"2019-06-14",-1.87721979429385
"2019-06-17",-2.03310123363992
"2019-06-18",-1.95276837052455
"2019-06-19",-1.96172176325047
"2019-06-20",-2.07173692680668
"2019-06-21",-2.01654901354437
"2019-06-24",-1.96637752746795
"2019-06-25",-1.97300051082577
"2019-06-26",-2.04033218382355
"2019-06-27",-2.04248605259651
"2019-06-28",-2.06405975439667
"2019-07-01",-1.96547713367663
"2019-07-02",-1.82226907585149
"2019-07-03",-1.86208748073762
"2019-07-04",-2.06707610807047
"2019-07-05",-2.02526015693162
"2019-07-08",-1.97630170968697
"2019-07-09",-1.91916426809989
"2019-07-10",-1.94396877305949
"2019-07-11",-1.99320953823218
"2019-07-12",-1.78923852820279
"2019-07-15",-1.70450590311094
"2019-07-16",-1.9129297475635
"2019-07-17",-1.89169901791617
"2019-07-18",-1.98671039058333
"2019-07-19",-1.9654569156017
"2019-07-22",-2.16245067096538
"2019-07-23",-2.00831694675526
"2019-07-24",-2.12477602581475
"2019-07-25",-2.04013542515347
"2019-07-26",-2.12745951637316
"2019-07-29",-2.10085927834965
"2019-07-30",-2.19300303808514
"2019-07-31",-1.57062713804843
"2019-08-01",-1.65752991207492
"2019-08-02",-1.70683133147242
"2019-08-05",-1.70757034822478
"2019-08-06",-1.73955778544005
"2019-08-07",-1.64025131152383
"2019-08-08",-1.5621856762924
"2019-08-09",-1.6566522636179
"2019-08-12",-1.67739380762964
"2019-08-13",-1.61933828143567
"2019-08-14",-1.70311892445549
"2019-08-15",-1.71150984102418
"2019-08-16",-1.78223622147973
"2019-08-19",-1.79135099124461
"2019-08-20",-1.81615296894483
"2019-08-21",-1.76203693555028
"2019-08-22",-1.66437745395585
"2019-08-23",-1.83011015255981
"2019-08-26",-1.8240509089889
"2019-08-27",-1.84209758977507
"2019-08-28",-1.84030438397052
"2019-08-29",-1.82885415031881
"2019-08-30",-1.77679594984129
"2019-09-02",-1.62951734929019
"2019-09-03",-1.57572035259659
"2019-09-04",-1.3663933374117
"2019-09-05",-1.53026174375502
"2019-09-06",-1.54860179194267
"2019-09-09",-1.51592841042172
"2019-09-10",-1.28154485509482
"2019-09-11",-1.24779706644676
"2019-09-12",-1.43422076387514
"2019-09-13",-1.27063814315508
"2019-09-16",-1.42186002739463
"2019-09-17",-1.25176688635857
"2019-09-18",-1.50270518904039
"2019-09-19",-1.07289183867301
"2019-09-20",-1.46001411670388
"2019-09-23",-1.5121780945143
"2019-09-24",-1.46788804778396
"2019-09-25",-1.56969136262598
"2019-09-26",-1.65450850388241
"2019-09-27",-1.71076324249372
"2019-09-30",-1.44645513738731
"2019-10-01",-1.38679558228078
"2019-10-02",-1.57004407625578
"2019-10-03",-1.55361532430868
"2019-10-04",-1.47023325314776
"2019-10-07",-1.32631650568266
"2019-10-08",-1.53506050344166
"2019-10-09",-1.41024209855554
"2019-10-10",-1.59255102621904
"2019-10-11",-1.51789526200155
"2019-10-14",-1.4921853087319
"2019-10-15",-1.46450560906254
"2019-10-16",-1.43164810516835
"2019-10-17",-1.49057875255997
"2019-10-18",-1.41701003176643
"2019-10-21",-1.43827614304489
"2019-10-22",-1.41577677485973
"2019-10-23",-1.4841778004659
"2019-10-24",-1.47934549565327
"2019-10-25",-1.48347163808529
"2019-10-28",-1.62993829892289
"2019-10-29",-1.611749195543
"2019-10-30",-1.61353734682882
"2019-10-31",-1.07521682596188
"2019-11-01",-1.05450055454381
"2019-11-04",-1.12323697052471
"2019-11-05",-1.00090150663787
"2019-11-06",-0.840686337252567
"2019-11-07",-0.988491312430193
"2019-11-08",-1.12468973143579
"2019-11-11",-1.15808696615291
"2019-11-12",-1.17113617419845
"2019-11-13",-1.22631903294202
"2019-11-14",-1.1909520518252
"2019-11-15",-1.18023578040713
"2019-11-18",-1.20811476600593
"2019-11-19",-1.23436192283916
"2019-11-20",-1.20863427875393
"2019-11-21",-1.18077551123005
"2019-11-22",-1.1693278048377
"2019-11-25",-1.14806927533734
"2019-11-26",-1.27165821420581
"2019-11-27",-1.19861658793836
"2019-11-28",-1.24309581156069
"2019-11-29",-0.911100792567321
"2019-12-02",-0.976838545690013
"2019-12-03",-0.972018877174211
"2019-12-04",-1.00112101064225
"2019-12-05",-1.0641778004659
"2019-12-06",-1.24954730884209
"2019-12-09",-1.31866586949601
"2019-12-10",-1.29582479278769
"2019-12-11",-1.27281096637328
"2019-12-12",-1.30652842790894
"2019-12-13",-1.37585764715946
"2019-12-16",-1.31263948029686
"2019-12-17",-1.36243513984868
"2019-12-18",-1.35991302632922
"2019-12-19",-1.18991049906985
"2019-12-20",-1.33065962485969
"2019-12-23",-1.42214271288317
"2019-12-24",-1.34716166732842
"2019-12-25",-1.38477830803375
"2019-12-26",-1.42239494873918
"2019-12-27",-1.46001158944452
"2019-12-30",-1.38681869517558
"2019-12-31",-1.56075818797499
"2020-01-01",-1.67057912012046
"2020-01-02",-1.78040005226595
"2020-01-03",-1.65464460832769
"2020-01-06",-1.71521213900365
"2020-01-07",-1.80183512236147
"2020-01-08",-1.75308354282436
"2020-01-09",-1.75503812566787
"2020-01-10",-1.78165605450695
"2020-01-13",-1.74343662401467
"2020-01-14",-1.88293480208224
"2020-01-15",-1.90222611244227
"2020-01-16",-1.90687176762228
"2020-01-17",-1.83402310913587
"2020-01-20",-1.91493234833498
"2020-01-21",-1.82331568312558
"2020-01-22",-1.83583021486693
"2020-01-23",-1.93172429050985
"2020-01-24",-1.84583021486694
"2020-01-27",-1.83921986780595
"2020-01-28",-1.87670786332396
"2020-01-29",-1.86352255083312
"2020-01-30",-1.98407491795288
"2020-01-31",-1.82086180560901
"2020-02-03",-1.88517207041429
"2020-02-04",-1.90355793246425
"2020-02-05",-1.9262388957633
"2020-02-06",-2.00981772559431
"2020-02-07",-1.95749995252302
"2020-02-10",-2.01805484690214
"2020-02-11",-1.98127301376475
"2020-02-12",-2.00858699594697
"2020-02-13",-1.96768660215565
"2020-02-14",-1.95875848202339
"2020-02-17",-1.97534608375007
"2020-02-18",-1.97605730064941
"2020-02-19",-1.98747720718872
"2020-02-20",-1.9530131471226
"2020-02-21",-2.00284166104618
"2020-02-24",-2.02607246420561
"2020-02-25",-2.05303841971627
"2020-02-26",-1.9501783885627
"2020-02-27",-1.97161598591758
"2020-02-28",-1.67429442195726
"2020-03-02",-1.5359009781292
"2020-03-03",-1.63767396585882
"2020-03-04",-1.66822127845984
"2020-03-05",-1.65197412162662
"2020-03-06",-1.76162609495505
"2020-03-09",-1.71376985469055
"2020-03-10",-1.68053905153112
"2020-03-11",-1.66623636850393
"2020-03-12",-1.68605982790878
"2020-03-13",-1.64124015939299
"2020-03-16",-1.72755042419825
"2020-03-17",-1.74359836861411
"2020-03-18",-1.75057190590288
"2020-03-19",-1.73966645759282
"2020-03-20",-1.74557064227319
"2020-03-23",-1.74416210840101
"2020-03-24",-1.72183801718134
"2020-03-25",-1.69541684701234
"2020-03-26",-1.67453161677721
"2020-03-27",-1.72579772805566
"2020-03-30",-2.30920507181025
"2020-03-31",-2.30366913187638
"2020-04-01",-2.20402979484479
"2020-04-02",-2.14646526164616
"2020-04-03",-1.97819203880756
"2020-04-06",-2.14740175696823
"2020-04-07",-2.20383050891534
"2020-04-08",-2.18940302059792
"2020-04-09",-2.19025926086243
"2020-04-10",-2.20306297241031
"2020-04-13",-2.21586668395819
"2020-04-14",-2.22867039550607
"2020-04-15",-2.22378769253031
"2020-04-16",-2.22813319194252
"2020-04-17",-2.17580783709314
"2020-04-20",-2.24011052012031
"2020-04-21",-2.31958848011295
"2020-04-22",-2.32012821093588
"2020-04-23",-2.37924298070075
"2020-04-24",-2.41300593290501
"2020-04-27",-2.41567678716658
"2020-04-28",-2.35959606189106
"2020-04-29",-2.54085206413205
"2020-04-30",-2.38566415086974
"2020-05-01",-2.27318120987047
"2020-05-04",-2.40622157250824
"2020-05-05",-2.43729597963535
"2020-05-06",-2.40675624881242
"2020-05-07",-2.42175245792337
"2020-05-08",-2.39746746571176
"2020-05-11",-2.43675877607179
"2020-05-12",-2.40499084286091
"2020-05-13",-2.46178531229514
"2020-05-14",-2.43213586622608
"2020-05-15",-2.41017370160447
"2020-05-18",-2.44590134568969
"2020-05-19",-2.50912962158977
"2020-05-20",-2.52520781960591
"2020-05-21",-2.58259375516799
"2020-05-22",-2.49362653602766
"2020-05-25",-2.50162140799682
"2020-05-26",-2.52254454712244
"2020-05-27",-2.53042100546189
"2020-05-28",-2.59435797100193
"2020-05-29",-2.50146129458755
"2020-06-01",-1.95879770619666
"2020-06-02",-2.42590450476391
"2020-06-03",-2.60731145909897
"2020-06-04",-2.41552299190573
"2020-06-05",-2.35765158808502
"2020-06-08",-2.42785087401447
"2020-06-09",-2.44233515215552
"2020-06-10",-2.48876390410263
"2020-06-11",-2.45482693856259
"2020-06-12",-2.35927836233189
"2020-06-15",-2.3562316815457
"2020-06-16",-2.40856461817317
"2020-06-17",-2.45213839348544
"2020-06-18",-2.35819890068604
"2020-06-19",-2.37462007085503
"2020-06-22",-2.38748262926797
"2020-06-23",-2.43568184168532
"2020-06-24",-2.39747504748988
"2020-06-25",-2.41410055810705
"2020-06-26",-2.42928594410998
"2020-06-29",-2.36460996181757
"2020-06-30",-2.35388105410267
"2020-07-01",-2.34603745013498
"2020-07-02",-2.35335522320626
"2020-07-03",-2.36602986835689
"2020-07-06",-2.34406264921655
"2020-07-07",-2.32906138558687
"2020-07-08",-2.38210553911368
"2020-07-09",-2.37139937673307
"2020-07-10",-2.42962638900345
"2020-07-13",-2.42375000417611
"2020-07-14",-2.46142970384547
"2020-07-15",-2.43731619771028
"2020-07-16",-2.42732377948838
"2020-07-17",-2.42732125222901
"2020-07-20",-2.47626706317683
"2020-07-21",-2.47983578397037
"2020-07-22",-2.54286982845972
"2020-07-23",-2.43125569050969
"2020-07-24",-2.51536161486677
"2020-07-27",-2.46637172390424
"2020-07-28",-2.49804257816582
"2020-07-29",-2.45356840906222
"2020-07-30",-2.4776377616706
"2020-07-31",-2.13888737225109
"2020-08-03",-2.22438793055382
"2020-08-04",-2.06811297386757
"2020-08-05",-2.08686455340468
"2020-08-06",-2.01040800160455
"2020-08-07",-1.93237269348552
"2020-08-10",-1.93703098496237
"2020-08-11",-1.93257450667434
"2020-08-12",-1.97472837544729
"2020-08-13",-1.97972205729888
"2020-08-14",-1.91094015064937
"2020-08-17",-1.87557569679192
"2020-08-18",-1.85413051765894
"2020-08-19",-1.84913936306673
"2020-08-20",-1.86789852438193
"2020-08-21",-1.98649378139881
"2020-08-24",-1.84628185917253
"2020-08-25",-1.80804473786468
"2020-08-26",-1.75981772559431
"2020-08-27",-1.80250879793082
"2020-08-28",-2.87329799231002
"2020-08-31",-1.5857948332358
"2020-09-01",-1.50757793000289
"2020-09-02",-1.5706220835297
"2020-09-03",-1.40684396776924
"2020-09-04",-1.42131055509475
"2020-09-07",-1.50954514914323
"2020-09-08",-1.60563598345622
"2020-09-09",-1.61492476655688
"2020-09-10",-1.60029174767369
"2020-09-11",-1.65332831942241
"2020-09-14",-1.61081884219978
"2020-09-15",-1.57956031269943
"2020-09-16",-1.58632698228062
"2020-09-17",-1.57044301567518
"2020-09-18",-1.55649846835705
"2020-09-21",-1.54614033264801
"2020-09-22",-1.54095241938571
"2020-09-23",-1.46218820355177
"2020-09-24",-1.47845557845991
"2020-09-25",-1.51702556288313
"2020-09-28",-1.48949460395589
"2020-09-29",-1.44521213900365
"2020-09-30",-1.39338102430861
"2020-10-01",-1.38963576291991
"2020-10-02",-1.38124990086995
"2020-10-05",-1.33212502206761
"2020-10-06",-1.36213007658634
"2020-10-07",-1.33104050590303
"2020-10-08",-1.36156760042912
"2020-10-09",-1.30032423448496
"2020-10-12",-1.34621325560913
"2020-10-13",-1.36015274840854
"2020-10-14",-1.3365688640588
"2020-10-15",-1.2742308729126
"2020-10-16",-1.22636199635125
"2020-10-19",-1.21188782724766
"2020-10-20",-1.18991555358859
"2020-10-21",-1.19491681721827
"2020-10-22",-1.27711350237626
"2020-10-23",-1.20971374039977
"2020-10-26",-1.19402400520505
"2020-10-27",-1.2942081275783
"2020-10-28",-1.26564825219255
"2020-10-29",-1.33369619660841
"2020-10-30",-1.42531033455844
"2020-11-02",-1.45372146920207
"2020-11-03",-1.4317567773211
"2020-11-04",-1.46638979620428
"2020-11-05",-1.42797107978255
"2020-11-06",-1.38335322445557
"2020-11-09",-1.42049824782074
"2020-11-10",-1.44209722221458
"2020-11-11",-1.38655875502134
"2020-11-12",-1.3917416137649
"2020-11-13",-1.4332308729126
"2020-11-16",-1.37189793628512
"2020-11-17",-1.52727881732846
"2020-11-18",-1.44593458154593
"2020-11-19",-1.49767865281704
"2020-11-20",-1.54339871512416
"2020-11-23",-1.47747683962822
"2020-11-24",-1.40835322445557
"2020-11-25",-1.41713758485234
"2020-11-26",-1.40406696861428
"2020-11-27",-1.3438626281661
"2020-11-30",-1.38686887280241
"2020-12-01",-1.39509335781342
"2020-12-02",-1.34284367372084
"2020-12-03",-1.44852091964294
"2020-12-04",-1.45492692625574
"2020-12-07",-1.44958269047322
"2020-12-08",-1.42993577166352
"2020-12-09",-1.38728000744604
"2020-12-10",-1.37488649010587
"2020-12-11",-1.23986753566063
"2020-12-14",-1.13240972023081
"2020-12-15",-1.04016754440423
"2020-12-16",-1.16663420524183
"2020-12-17",-1.12379691942257
"2020-12-18",-1.23469225869515
"2020-12-21",-1.11625837871722
"2020-12-22",-1.01711328183995
"2020-12-23",-1.04194053213385
"2020-12-24",-1.17871983801189
"2020-12-25",-1.03466806595092
"2020-12-28",-0.890616293889964
"2020-12-29",-0.823133352890686
"2020-12-30",-0.855801679892895
"2020-12-31",-0.684724745506419
"2021-01-01",-0.746583476274247
"2021-01-04",-0.808442207042071
"2021-01-05",-0.958346538746653
"2021-01-06",-0.915830816887706
"2021-01-07",-0.855430907887028
"2021-01-08",-0.693072698665885
"2021-01-11",-0.56405359719644
"2021-01-12",-0.182978822508827
"2021-01-13",-0.666938900943663
"2021-01-14",-0.677839294734987
"2021-01-15",-0.906283283750383
"2021-01-18",-0.729121980223534
"2021-01-19",-0.819670409430042
"2021-01-20",-0.639852004543925
"2021-01-21",-0.633968037938478
"2021-01-22",-0.601761096718829
"2021-01-25",-0.692356427247811
"2021-01-26",-0.689350182611499
"2021-01-27",-0.785770089150815
"2021-01-28",-0.778394189114112
"2021-01-29",-0.666121906711434
"2021-02-01",-0.996197724492428
"2021-02-02",-0.676192669973697
"2021-02-03",-0.941746300723131
"2021-02-04",-0.879234296241144
"2021-02-05",-0.8113654196798
"2021-02-08",-0.767534231472647
"2021-02-09",-0.775085408474823
"2021-02-10",-0.900285958033955
"2021-02-11",-1.01230372236162
"2021-02-12",-1.01104266560189
"2021-02-15",-1.11859131534469
"2021-02-16",-1.04483341765918
"2021-02-17",-1.0875913153447
"2021-02-18",-1.15301999377969
"2021-02-19",-1.18109068352985
"2021-02-22",-1.28076034767385
"2021-02-23",-1.08789020748282
"2021-02-24",-1.21463420524183
"2021-02-25",-1.19844004734321
"2021-02-26",-1.18327235215584
"2021-03-01",-1.24968341328737
"2021-03-02",-1.17951445447032
"2021-03-03",-1.21317274594717
"2021-03-04",-1.13576161130354
"2021-03-05",-1.08413483705667
"2021-03-08",-1.14128744219994
"2021-03-09",-0.982323940436553
"2021-03-10",-0.873542033787053
"2021-03-11",-0.91548398033372
"2021-03-12",-0.942076636579141
"2021-03-15",-0.921385637754728
"2021-03-16",-1.13675514613092
"2021-03-17",-1.26709811828376
"2021-03-18",-1.07871478349315
"2021-03-19",-1.00677283694648
"2021-03-22",-0.993166207262449
"2021-03-23",-0.900293539812054
"2021-03-24",-0.987963130443947
"2021-03-25",-0.909758863507864
"2021-03-26",-0.786172451898765
"2021-03-29",-0.993612576513009
"2021-03-30",-0.83991771328745
"2021-03-31",-0.889551995800312
"2021-04-01",-0.888472534154474
"2021-04-02",-0.846713372839267
"2021-04-05",-0.804954211524063
"2021-04-06",-0.763195050208863
"2021-04-07",-0.741145915675418
"2021-04-08",-0.796873559760639
"2021-04-09",-0.77955452305968
"2021-04-12",-0.695236676476306
"2021-04-13",-0.762028618651176
"2021-04-14",-0.863806660899528
"2021-04-15",-0.609852004543927
"2021-04-16",-0.628053744220641
"2021-04-19",-0.487856985550554
"2021-04-20",-0.599458487203753
"2021-04-21",-0.521849403772462
"2021-04-22",-0.599087715197887
"2021-04-23",-0.918790233713645
"2021-04-26",-0.771613693118492
"2021-04-27",-0.44033613566078
"2021-04-28",-0.575150749657847
"2021-04-29",-0.400643726182488
"2021-04-30",-0.470608344551356
"2021-05-03",-0.362013087534474
"2021-05-04",-0.409011897416889
"2021-05-05",-0.345042077505089
"2021-05-06",-0.273596898372105
"2021-05-07",-0.146293025227351
"2021-05-10",-0.263200853772574
"2021-05-11",-0.00870899385341477
"2021-05-12",-0.319574006013608
"2021-05-13",-0.0526887757784835
"2021-05-14",-0.0856269314361013
"2021-05-17",-0.22136468455879
"2021-05-18",-0.343039476733622
"2021-05-19",-0.485279272325032
"2021-05-20",-0.310545163067197
"2021-05-21",-0.367861672508784
"2021-05-24",-0.27839887607234
"2021-05-25",-0.115441618945265
"2021-05-26",-0.285823690106187
"2021-05-27",-0.389450537865154
"2021-05-28",-0.310176918320695
"2021-05-31",-0.0815968248600115
"2021-06-01",0.0577273398717827
"2021-06-02",-0.157284032795365
"2021-06-03",-0.112999040583755
"2021-06-04",-0.0565664977476117
"2021-06-07",0.0561435290341476
"2021-06-08",-0.0934402082913864
"2021-06-09",-0.286274966851282
"2021-06-10",-0.63357883999604
"2021-06-11",-0.401831124860085
"2021-06-14",-0.193394717622788
"2021-06-15",-0.248960984669058
"2021-06-16",0.06299865269318
"2021-06-17",0.0412256649635612
"2021-06-18",0.0662749465212072
"2021-06-21",-0.133001200282618
"2021-06-22",0.266156532891485
"2021-06-23",-0.437021197821252
"2021-06-24",0.184249967975947
"2021-06-25",0.216587959122148
"2021-06-28",0.340512288365357
"2021-06-29",0.361816308534317
"2021-06-30",0.847581861510035
"2021-07-01",1.1296147893939
"2021-07-02",0.881743385573189
"2021-07-05",0.89076754156137
"2021-07-06",0.089165672347674
"2021-07-07",0.696764499717303
"2021-07-08",0.30716559883557
"2021-07-09",1.16302971492658
"2021-07-12",1.73347593715295
"2021-07-13",0.546726958387308
"2021-07-14",0.220981623486518
"2021-07-15",0.644151772421159
"2021-07-16",0.281163218600406
"2021-07-19",1.07066392392735
"2021-07-20",0.922784938328539
"2021-07-21",0.752820319959672
"2021-07-22",1.01611415757906
"2021-07-23",0.99915823759377
"2021-07-26",1.02125672719696
"2021-07-27",1.10771580625646
"2021-07-28",0.285668082376897
"2021-07-29",1.14573379112043
"2021-07-30",0.861072972384217
"2021-08-02",1.01381458990806
"2021-08-03",0.861273521943345
"2021-08-04",1.4445333885855
"2021-08-05",1.19877682804176
"2021-08-06",1.38125099714535
"2021-08-09",1.95166458553625
"2021-08-10",1.73999893281761
"2021-08-11",1.97166614321434
"2021-08-12",1.97433952473528
"2021-08-13",1.8241048571747
"2021-08-16",2.18425649273669
"2021-08-17",1.89188817447808
"2021-08-18",1.54824616316293
"2021-08-19",1.46337810915866
"2021-08-20",1.3804123006722
"2021-08-23",1.51111467216377
"2021-08-24",2.28804434997411
"2021-08-25",2.07752736448548
"2021-08-26",1.94844292183301
"2021-08-27",2.14674827914375
"2021-08-30",2.1145113783722
"2021-08-31",0.916148261656534
"2021-09-01",0.490786335058446
"2021-09-02",2.37729090478654
"2021-09-03",1.31423664222226
"2021-09-06",2.46197699611642
"2021-09-07",2.97880937444115
"2021-09-08",3.00672879618982
"2021-09-09",3.21232286308912
"2021-09-10",3.26041882543295
"2021-09-13",3.56589202495526
"2021-09-14",4.86363014563846
"2021-09-15",5.17746036426432
"2021-09-16",4.29326673487439
"2021-09-17",4.95577888638058
"2021-09-20",6.16959698329432
"2021-09-21",6.60606342359561
"2021-09-22",3.26104053123712
"2021-09-23",3.96380705379411
"2021-09-24",4.77640357444068
"2021-09-27",4.56815068755585
"2021-09-28",4.76974356433758
"2021-09-29",4.31296372995086
"2021-09-30",6.90471760228705
"2021-10-01",7.29699464516006
"2021-10-04",5.57645268112618
"2021-10-05",8.8774696089728
"2021-10-06",9.04529486051598
"2021-10-07",7.00916389802551
"2021-10-08",5.32283015276494
"2021-10-11",5.50565086437412
"2021-10-12",5.46331547399939
"2021-10-13",6.02402995327908
"2021-10-14",7.42713036812088
"2021-10-15",7.28845996885587
"2021-10-18",6.52400854508657
"2021-10-19",6.8991494100022
"2021-10-20",6.98234393546133
"2021-10-21",6.5446902574306
"2021-10-22",6.1681037723094
"2021-10-25",7.12698409505
"2021-10-26",6.30390589703384
"2021-10-27",6.44747320717348
"2021-10-28",5.12342438061242
"2021-10-29",2.78616095754149
"2021-11-01",2.90108788755616
"2021-11-02",3.0080704172769
"2021-11-03",3.90890226709296
"2021-11-04",5.1375451009652
"2021-11-05",5.95632448035534
"2021-11-08",5.27530224960574
"2021-11-09",5.4919737794002
"2021-11-10",5.77886257998806
"2021-11-11",5.20410891426419
"2021-11-12",5.28197028255956
"2021-11-15",5.98687736205979
"2021-11-16",7.38644866970083
"2021-11-17",7.42580687892196
"2021-11-18",7.5852785207662
"2021-11-19",6.61927273112646
"2021-11-22",6.33313246823161
"2021-11-23",7.25780145684273
"2021-11-24",7.09947513241208
"2021-11-25",7.3257966228603
"2021-11-26",6.74262335856948
"2021-11-29",7.58665159949512
"2021-11-30",8.18680160386693
"2021-12-01",7.7057300180476
"2021-12-02",7.05315616922321
"2021-12-03",6.87148606400663
"2021-12-06",6.6067206580551
"2021-12-07",6.69302511929668
"2021-12-08",8.38631441698203
"2021-12-09",7.48801671496149
"2021-12-10",7.52343587245582
"2021-12-13",9.06032964012635
"2021-12-14",10.1428452745492
"2021-12-15",11.4447750258717
"2021-12-16",11.7702123152542
"2021-12-17",11.3819482166504
"2021-12-20",12.5312215282225
"2021-12-21",16.7639761952678
"2021-12-22",15.7216425970314
"2021-12-23",10.9453954819701
"2021-12-24",9.26046909438807
"2021-12-27",7.66016485368283
"2021-12-28",7.90068689369018
"2021-12-29",7.47658759545388
"2021-12-30",6.58276830842255
"2021-12-31",6.34544393707844
"2022-01-03",5.40007791161892
"2022-01-04",6.52048851775388
"2022-01-05",6.97457830897349
"2022-01-06",6.93137448311002
"2022-01-07",6.9877129292528
"2022-01-10",6.70237338042851
"2022-01-11",5.33907271007599
"2022-01-12",5.55301815346331
"2022-01-13",6.18580473314708
"2022-01-14",5.95265859317642
"2022-01-17",5.30828062087693
"2022-01-18",5.51998313939268
"2022-01-19",5.55614555952503
"2022-01-20",4.96337755280202
"2022-01-21",5.41122657884895
"2022-01-24",6.80400215342606
"2022-01-25",7.19438556172877
"2022-01-26",6.81234252480743
"2022-01-27",7.29607775067076
"2022-01-28",7.06145982183167
"2022-01-31",5.98934059956884
"2022-02-01",5.07770677205256
"2022-02-02",5.83061734839345
"2022-02-03",5.91646124640953
"2022-02-04",5.98082086628456
"2022-02-07",5.46014719071521
"2022-02-08",5.47015076106796
"2022-02-09",5.21812779519736
"2022-02-10",5.0642677640438
"2022-02-11",5.66865644740153
"2022-02-14",6.0942002631619
"2022-02-15",3.1311842174605
"2022-02-16",4.83870492032607
"2022-02-17",5.33740022462422
"2022-02-18",5.38991966386012
"2022-02-21",5.06750845570439
"2022-02-22",5.73694166014944
"2022-02-23",6.28756671577003
"2022-02-24",11.8205810149973
"2022-02-25",6.46642347061926
"2022-02-28",8.03771893942884
"2022-03-01",9.76751048619525
"2022-03-02",14.6107402780015
"2022-03-03",15.0288129804263
"2022-03-04",18.4945662368178
"2022-03-07",20.0457371665376
"2022-03-08",18.6211306978017
"2022-03-09",12.0609827618005
"2022-03-10",6.4579737237043
"2022-03-11",11.2646916998247
"2022-03-14",8.00190200478474
"2022-03-15",7.83719338865686
"2022-03-16",5.82747215015613
"2022-03-17",6.72469053755505
"2022-03-18",5.64597426613696
"2022-03-21",6.46693688575513
"2022-03-22",6.38301151341855
"2022-03-23",8.23162102399848
"2022-03-24",6.84355621132413
"2022-03-25",7.63333961606359
"2022-03-28",6.57811148718773
"2022-03-29",6.24266057800314
"2022-03-30",7.13067416995727
"2022-03-31",7.83813004622452
"2022-04-01",8.02965210015585
"2022-04-04",6.41506925889951
"2022-04-05",6.65427597958286
"2022-04-06",5.72423167903185
"2022-04-07",4.34252403248525
"2022-04-08",5.1224218255051
"2022-04-11",4.77500281503497
"2022-04-12",0.971168203499272
"2022-04-13",-1.5760130975662
"2022-04-14",0.712834678774993
"2022-04-15",-1.17266937172712
"2022-04-18",-3.05817342222908
"2022-04-19",-4.9436774727312
"2022-04-20",-4.72204943485464
"2022-04-21",-5.53714347195989
"2022-04-22",-5.52702037137193
"2022-04-25",-5.72046948841817
"2022-04-26",-7.44682287758084
"2022-04-27",-6.16359676137965
"2022-04-28",-10.0794612450312
"2022-04-29",-4.53163533187904
"2022-05-02",-6.22077931215084
"2022-05-03",-2.72520784356164
"2022-05-04",-3.16411664168814
"2022-05-05",-3.14310252122531
"2022-05-06",-7.26460485774245
"2022-05-09",-7.50164090098249
"2022-05-10",-4.14220033529564
"2022-05-11",-4.22652360395825
"2022-05-12",-4.04141523977786
"2022-05-13",-4.51400126990248
"2022-05-16",-7.76800416472236
"2022-05-17",-6.97205196211402
"2022-05-18",-2.61314272291491
"2022-05-19",-2.63380130844016
"2022-05-20",-3.88144220314983
"2022-05-23",0.577992425873086
"2022-05-24",0.749654581751057
"2022-05-25",1.29142288252246
"2022-05-26",1.25557779438879
"2022-05-27",1.71847573443285
"2022-05-30",1.31266877572599
"2022-05-31",1.42561889214755
"2022-06-01",1.26755883994354
"2022-06-02",0.367414933183854
"2022-06-03",0.829948272346262
"2022-06-06",0.809745195527752
"2022-06-07",-0.0264593654567222
"2022-06-08",0.239995849201617
"2022-06-09",0.41663570081792
"2022-06-10",2.29466952477097
"2022-06-13",2.78621185636535
"2022-06-14",3.89004161999464
"2022-06-15",4.38466420794401
"2022-06-16",2.1848461706184
"2022-06-17",3.16161857025121
"2022-06-20",4.65128466404246
"2022-06-21",4.45504300280058
"2022-06-22",4.89872284949415
"2022-06-23",3.87371585581284
"2022-06-24",3.13171162385121
"2022-06-27",3.03896896323395
"2022-06-28",2.45963476297682
"2022-06-29",3.50267608127189
"2022-06-30",5.02468410412259
"2022-07-01",5.00518882087492
"2022-07-04",-2.25527005157228
"2022-07-05",3.9573619242175
"2022-07-06",-2.88144206615737
"2022-07-07",-0.469463635298039
"2022-07-08",-4.12285907787682
"2022-07-11",-3.31591303246874
"2022-07-12",-5.13586940745058
"2022-07-13",-4.0085130638799
"2022-07-14",-10.6910457275094
"2022-07-15",-20.3948151309624
"2022-07-18",-21.3633121924245
"2022-07-19",-18.4225457433795
"2022-07-20",-8.01126952306361
"2022-07-21",-3.99802987449638
"2022-07-22",-9.61898029889032
"2022-07-25",-14.2363671444456
"2022-07-26",-5.18067267662846
"2022-07-27",-13.8268260308167
"2022-07-28",-18.0235744075616
"2022-07-29",-19.4076861215584
"2022-08-01",-18.6597760002141
"2022-08-02",-17.0762926181422
"2022-08-03",-16.1071695910663
"2022-08-04",-15.4944886277673
"2022-08-05",-15.6783350530428
"2022-08-08",-16.6013038298612
"2022-08-09",-11.3076645663417
"2022-08-10",-9.04560533669473
"2022-08-11",-10.5135886889726
"2022-08-12",-7.4551790384949
"2022-08-15",-6.51833284767973
"2022-08-16",-4.62121377244109
"2022-08-17",-5.08668162339627
"2022-08-18",-3.72574705201535
"2022-08-19",-3.49865845091337
"2022-08-22",-0.125419652751143
"2022-08-23",-0.66965996292728
"2022-08-24",-7.3365102804518
"2022-08-25",-3.75376103548572
"2022-08-26",-4.04974425466332
"2022-08-29",-6.79271385793106
"2022-08-30",-6.52667280583646
"2022-08-31",0.075667726493099
"2022-09-01",-3.17737107846655
"2022-09-02",-4.8909714356663
"2022-09-05",3.30883221888824
"2022-09-06",-4.87529949264722
"2022-09-07",-8.64279244132394
"2022-09-08",-14.0141348253799
"2022-09-09",-12.1718132474956
"2022-09-12",-11.6827365932336
"2022-09-13",-12.0406601873558
"2022-09-14",-11.7111476822131
"2022-09-15",-15.8179172466141
"2022-09-16",-18.9413270162681
"2022-09-19",-25.8571837711173
"2022-09-20",-23.9012494937848
"2022-09-21",-26.9302372985606
"2022-09-22",-29.6671631119697
"2022-09-23",-29.2856450098757
"2022-09-26",-44.226564123652
"2022-09-27",-52.5149034658639
"2022-09-28",-45.5825232007654
"2022-09-29",-50.2010470785752
"2022-09-30",-1.96438871358626
"2022-10-03",-5.23395540778115
"2022-10-04",5.34061384152106
"2022-10-05",6.51332237021285
"2022-10-06",2.12373491551042
"2022-10-07",2.04103323347568
"2022-10-10",1.78211752910396
"2022-10-11",3.27255913788417
"2022-10-12",4.70996298479811
"2022-10-13",4.05599644119066
"2022-10-14",2.7218919414114
"2022-10-17",1.65222355482109
"2022-10-18",1.24855762197803
"2022-10-19",1.01823977539463
"2022-10-20",0.958150337811564
"2022-10-21",-0.399497830703842
"2022-10-24",-2.43164796817589
"2022-10-25",-0.628762664428653
"2022-10-26",0.460370163712299
"2022-10-27",1.82479415518906
"2022-10-28",3.13572777091265
"2022-10-31",6.76837192800271
"2022-11-01",6.32001313068477
"2022-11-02",7.14652096279324
"2022-11-03",7.41271638432154
"2022-11-04",6.27619963329316
"2022-11-07",5.4892193367834
"2022-11-08",6.25845845684194
"2022-11-09",6.88519695900959
"2022-11-10",3.44721085893614
"2022-11-11",2.45818545324225
"2022-11-14",4.15222223160328
"2022-11-15",5.44697729405707
"2022-11-16",4.61723107701105
"2022-11-17",4.64817042278627
"2022-11-18",5.11969654773107
"2022-11-21",4.05904591154443
"2022-11-22",3.55338293310937
"2022-11-23",5.47222622910463
"2022-11-24",3.38178432627603
"2022-11-25",3.69948929853904
"2022-11-28",4.00086876892851
"2022-11-29",6.10198940184521
"2022-11-30",9.99351908321882
"2022-12-01",11.4623040456363
"2022-12-02",8.73713724651815
"2022-12-05",9.46763401393184
"2022-12-06",10.41276929582
"2022-12-07",11.3957904695523
"2022-12-08",11.4651804304637
"2022-12-09",10.8467617875541
"2022-12-12",10.6903264969222
"2022-12-13",10.7349760165034
"2022-12-14",10.2839187120951
"2022-12-15",10.4769227970325
"2022-12-16",8.95247964449815
"2022-12-19",8.4000250318606
"2022-12-20",7.17000332961967
"2022-12-21",6.02435946657803
"2022-12-22",4.09516851147164
"2022-12-23",1.68465696198623
"2022-12-26",1.72541218538818
"2022-12-27",1.76616740879014
"2022-12-28",1.56336929549107
"2022-12-29",1.08208831470481
"2022-12-30",0.157570594095177
"2023-01-02",3.24481656081081
"2023-01-03",3.18571145901079
"2023-01-04",1.66809665945185
"2023-01-05",1.73828776158242
"2023-01-06",1.61072885577795
"2023-01-09",1.91080117671829
"2023-01-10",2.14528880467581
"2023-01-11",1.99682556716675
"2023-01-12",2.1876415918177
"2023-01-13",2.18358718222923
"2023-01-16",1.17852200199437
"2023-01-17",1.72033705706404
"2023-01-18",2.89898285926825
"2023-01-19",2.70065237638805
"2023-01-20",3.20318132264063
"2023-01-23",3.27381932253044
"2023-01-24",2.60225618476431
"2023-01-25",2.72579071404431
"2023-01-26",3.20902887844553
"2023-01-27",2.63441355037792
"2023-01-30",2.75457998193561
"2023-01-31",2.61896480089219
"2023-02-01",2.88209867212651
"2023-02-02",2.43052214901857
"2023-02-03",2.65252474979004
"2023-02-06",2.27910610688041
"2023-02-07",2.18305541466888
"2023-02-08",1.85312082936401
"2023-02-09",1.970970677968
"2023-02-10",1.82498970592535
"2023-02-13",2.10888861555069
"2023-02-14",1.9276692585705
"2023-02-15",2.26341726775487
"2023-02-16",2.0424737635301
"2023-02-17",1.75876857073078
"2023-02-20",1.84441303579321
"2023-02-21",1.81763863740971
"2023-02-22",1.86980149861465
"2023-02-23",2.03852535181082
"2023-02-24",2.02850015272925
"2023-02-27",1.92740396984913
"2023-02-28",1.20544678623416
"2023-03-01",1.13135855269263
"2023-03-02",1.12652498425032
"2023-03-03",1.01983502851929
"2023-03-06",1.61738583796096
"2023-03-07",1.19726236981251
"2023-03-08",1.24775155544809
"2023-03-09",1.20780841878384
"2023-03-10",2.22815480034125
"2023-03-13",3.19032851962863
"2023-03-14",1.54962057903364
"2023-03-15",1.3984199559624
"2023-03-16",1.51934190497045
"2023-03-17",1.56127493259724
"2023-03-20",1.26868696331004
"2023-03-21",1.34329002264133
"2023-03-22",1.13825196672664
"2023-03-23",1.35153978024601
"2023-03-24",1.42930251191396
"2023-03-27",1.25001008494846
"2023-03-28",1.42902019398592
"2023-03-29",1.23548678131142
"2023-03-30",1.20288029865158
"2023-03-31",1.6917142346544
"2023-04-03",1.6744447000474
"2023-04-04",1.64204955151704
"2023-04-05",1.26542389387566
"2023-04-06",1.00400131305277
"2023-04-07",1.05259317588643
"2023-04-10",1.1011850387202
"2023-04-11",1.14977690155386
"2023-04-12",1.01474025629304
"2023-04-13",0.967383310701587
"2023-04-14",0.860197851186558
"2023-04-17",0.889839715477518
"2023-04-18",0.917804554382688
"2023-04-19",0.569980874441537
"2023-04-20",0.581600066910306
"2023-04-21",-0.100382315786231
"2023-04-24",-0.0470002446253065
"2023-04-25",-0.0948615394085545
"2023-04-26",-0.390276538453339
"2023-04-27",-0.455968800907433
"2023-04-28",-0.0686699822814063
"2023-05-01",-0.977942338196185
"2023-05-02",-0.457822660936782
"2023-05-03",-0.840892087057253
"2023-05-04",-0.932907324125555
"2023-05-05",-0.589187188306334
"2023-05-08",-0.607030792274016
"2023-05-09",-0.614072492053558
"2023-05-10",-0.650651395396667
"2023-05-11",-0.493651395396663
"2023-05-12",-0.592251853956484
"2023-05-15",-0.691808011965282
"2023-05-16",-0.909651689445065
"2023-05-17",-0.924502875190844
"2023-05-18",-1.11888643051775
"2023-05-19",-1.21797592768895
"2023-05-22",-1.07281834153905
"2023-05-23",-1.1514161258153
"2023-05-24",-1.21826240406655
"2023-05-25",-1.63533197721123
"2023-05-26",-1.49323118088497
"2023-05-29",-1.50772928544045
"2023-05-30",-1.3939739150143
"2023-05-31",-0.297268795727068
"2023-06-01",-0.554116558144302
"2023-06-02",-0.584304397894498
"2023-06-05",-0.0949811292318913
"2023-06-06",-0.376787265381672
"2023-06-07",-0.354113736836529
"2023-06-08",-0.257300312957048
"2023-06-09",0.444787171539499
"2023-06-12",0.203205740937029
"2023-06-13",0.256753494610655
"2023-06-14",0.55310553270758
"2023-06-15",1.11276909923945
"2023-06-16",0.571956424404955
"2023-06-19",0.639165745859772
"2023-06-20",1.15855197547025
"2023-06-21",0.812927581458541
"2023-06-22",0.619308168453471
"2023-06-23",0.366879269482178
"2023-06-26",0.283855260518193
"2023-06-27",0.444148055044205
"2023-06-28",0.412309432083159
"2023-06-29",0.47539275813015
"2023-06-30",0.872515256697326
"2023-07-03",0.616300586675371
"2023-07-04",0.573045995088269
"2023-07-05",0.579892052803208
"2023-07-06",0.287836379585051
"2023-07-07",0.342958804640121
"2023-07-10",0.0474906596365397
"2023-07-11",-0.0574905329424141
"2023-07-12",-0.335099836910012
"2023-07-13",-0.349529852486793
"2023-07-14",-0.394202043890156
"2023-07-17",-0.46195496056904
"2023-07-18",-0.409009002597019
"2023-07-19",-0.314370929195109
"2023-07-20",0.0297123968518872
"2023-07-21",0.183361842920947
"2023-07-24",0.116862695272094
"2023-07-25",0.689992775617361
"2023-07-26",0.411447696227308
"2023-07-27",0.134302599350036
"2023-07-28",-0.0286358503559873
"2023-07-31",0.0130138162493781
"2023-08-01",0.0627791486887929
"2023-08-02",-0.0126835007234476
"2023-08-03",0.341858904383043
"2023-08-04",0.157214365808508
"2023-08-07",0.204359536197884
"2023-08-08",0.687421380540261
"2023-08-09",1.3670665807237
"2023-08-10",1.12447742131893
"2023-08-11",0.943255316543082
"2023-08-14",0.619430519996448
"2023-08-15",1.28480671408155
"2023-08-16",1.0415102756907
"2023-08-17",1.05771699637404
"2023-08-18",0.887233981862672
"2023-08-21",1.33785986004036
"2023-08-22",1.55774151992273
"2023-08-23",1.52253666488984
"2023-08-24",0.472889305007541
"2023-08-25",0.873195999460067
"2023-08-28",1.03903870735856
"2023-08-29",1.16600057793176
"2023-08-30",0.979429403390973
"2023-08-31",0.949207372127217
"2023-09-01",0.696233908350569
"2023-09-04",0.731927287410138
"2023-09-05",0.800038339798066
"2023-09-06",0.504386072421235
"2023-09-07",0.609461890202224
"2023-09-08",0.841362431017754
"2023-09-11",1.15399433329546
"2023-09-12",0.911049712465211
"2023-09-13",0.969859492479847
"2023-09-14",1.02994386162022
"2023-09-15",0.889058704897202
"2023-09-18",0.859825227454197
"2023-09-19",0.999107912942743
"2023-09-20",1.0979162823035
"2023-09-21",1.30910560621968
"2023-09-22",1.47063656514692
"2023-09-25",2.05516789163466
"2023-09-26",1.39855338612412
"2023-09-27",1.30657851169359
"2023-09-28",1.30574122587433
"2023-09-29",1.54630132179638
"2023-10-02",1.29975884317779
"2023-10-03",1.06508145023149
"2023-10-04",1.17293278300147
"2023-10-05",1.09747482054746
"2023-10-06",1.31442330577885
"2023-10-09",1.68175296610197
"2023-10-10",2.18350126933474
"2023-10-11",2.09445555812984
"2023-10-12",2.66969705842354
"2023-10-13",2.62774128546245
"2023-10-16",2.33659953840163
"2023-10-17",1.77758318472785
"2023-10-18",2.00120631510987
"2023-10-19",1.97235505585199
"2023-10-20",2.14911176341992
"2023-10-23",2.49369059325092
"2023-10-24",2.24002836386083
"2023-10-25",2.41477243513193
"2023-10-26",2.19363380342728
"2023-10-27",2.27794273109077
"2023-10-30",2.11755055089239
"2023-10-31",1.80518587649863
"2023-11-01",2.10049606779181
"2023-11-02",2.22899677311875
"2023-11-03",2.22065246382412
"2023-11-06",1.68697120647667
"2023-11-07",1.72827649027532
"2023-11-08",1.76026385397849
"2023-11-09",2.30336999887188
"2023-11-10",1.7139095826706
"2023-11-13",1.96092987425764
"2023-11-14",1.98052505776242
"2023-11-15",1.81732071731424
"2023-11-16",1.95298138902624
"2023-11-17",1.74983881940834
"2023-11-20",1.71298012539656
"2023-11-21",1.78775802062072
"2023-11-22",1.52181860133341
"2023-11-23",2.06156155599902
"2023-11-24",2.17358928233996
"2023-11-27",1.88607579369198
"2023-11-28",1.61237832969496
"2023-11-29",1.34762652962155
"2023-11-30",1.73516893472804
"2023-12-01",1.77576805614607
"2023-12-04",1.2681864050073
"2023-12-05",1.19491888307496
"2023-12-06",1.37440070746876
"2023-12-07",1.43760883880598
"2023-12-08",1.25376129692506
"2023-12-11",0.973935089724542
"2023-12-12",0.877264088438764
"2023-12-13",1.12213556577158
"2023-12-14",0.869020722494598
"2023-12-15",0.715981476462316
"2023-12-18",0.996051049606997
"2023-12-19",0.731417736675414
"2023-12-20",0.806567888071415
"2023-12-21",0.855670095051558
"2023-12-22",1.02956164343511
"2023-12-25",0.970403214865411
"2023-12-26",0.911244786295726
"2023-12-27",0.852086357726024
"2023-12-28",0.711977685573269
"2023-12-29",0.334050755558591
"2024-01-01",0.171260635316152
"2024-01-02",0.0084705150737107
"2024-01-03",0.331749409673203
"2024-01-04",0.762670021539461
"2024-01-05",0.405971514449049
"2024-01-08",0.366516005742306
"2024-01-09",0.425866486161144
"2024-01-10",0.389130070180237
"2024-01-11",0.380731571833435
"2024-01-12",-0.667429731693417
"2024-01-15",0.857905511657123
"2024-01-16",0.820286319188358
"2024-01-17",0.316484120951821
"2024-01-18",0.162313898505087
"2024-01-19",0.189766659416163
"2024-01-22",0.0408926548239878
"2024-01-23",0.0249266993133322
"2024-01-24",0.232360652803365
"2024-01-25",0.158630407946676
"2024-01-26",0.299250864045123
"2024-01-29",0.687433722788694
"2024-01-30",0.323881502693142
"2024-01-31",0.360348163530734
"2024-02-01",0.249006307983383
"2024-02-02",0.141556147843769
"2024-02-05",0.189334116580018
"2024-02-06",-0.243153878937991
"2024-02-07",-0.348280021370014
"2024-02-08",0.366631671576356
"2024-02-09",0.0441360207681529
"2024-02-12",-0.141640904874718
"2024-02-13",-0.196046984999618
"2024-02-14",-0.281108829341995
"2024-02-15",-0.203425338783588
"2024-02-16",-0.241860408879101
"2024-02-19",-0.0966965780928846
"2024-02-20",0.00203864777043769
"2024-02-21",-0.251434257703471
"2024-02-22",-0.376469639334607
"2024-02-23",-0.122231327909175
"2024-02-26",-0.0460042421266907
"2024-02-27",-0.0139512431920947
"2024-02-28",0.119568416580097
"2024-02-29",-0.212251325447801
"2024-03-01",-0.457065865932766
"2024-03-04",-0.0327315921635134
"2024-03-05",0.0407590041259634
"2024-03-06",-0.0602814320238992
"2024-03-07",-0.190450464353051
"2024-03-08",0.0254247303567093
"2024-03-11",-0.178284106307466
"2024-03-12",-0.237898244257499
"2024-03-13",-0.250178181950371
"2024-03-14",-0.0723407491069087
"2024-03-15",0.0233819139716809
"2024-03-18",0.234891538218505
"2024-03-19",0.222607809636578
"2024-03-20",0.190128512502151
"2024-03-21",0.00149661022444995
"2024-03-22",0.0467729040524787
"2024-03-25",0.111197938622628
"2024-03-26",-0.0132561594302321
"2024-03-27",0.0312331732295575
"2024-03-28",0.0270389418188426
"2024-03-29",0.00274802816464261
"2024-04-01",-0.0215428854894543
"2024-04-02",-0.0458337991436507
"2024-04-03",-0.186434110679272
"2024-04-04",0.01348776481667
"2024-04-05",-0.00663704047357005
"2024-04-08",0.1239217183067
"2024-04-09",0.0792180096733641
"2024-04-10",0.018313824992986
"2024-04-11",0.280380870878299
"2024-04-12",0.356620592957613
"2024-04-15",0.34267485552189
"2024-04-16",0.632622077123593
"2024-04-17",0.408324301590954
"2024-04-18",0.595656048100845
"2024-04-19",0.370407480613748
"2024-04-22",0.226199275764411
"2024-04-23",0.165480403574871
"2024-04-24",0.212900383626288
"2024-04-25",0.252612937667413
"2024-04-26",0.170751569372071
"2024-04-29",0.0761398851693011
"2024-04-30",0.178619182303729
"2024-05-01",1.43753024343526
"2024-05-02",0.40102161856378
"2024-05-03",0.372754243655636
"2024-05-06",0.41820455081945
"2024-05-07",0.371528568527037
"2024-05-08",0.332436470584361
"2024-05-09",0.369876595198608
"2024-05-10",0.268267438255209
"2024-05-13",0.229925656219954
"2024-05-14",0.295679763016423
"2024-05-15",0.241646982156758
"2024-05-16",0.272741607358801
"2024-05-17",0.379586548468268
"2024-05-20",0.53166734725589
"2024-05-21",0.617151698909059
"2024-05-22",0.697607060591601
"2024-05-23",0.910537781495319
"2024-05-24",0.652237552215416
"2024-05-27",0.779145601296934
"2024-05-28",0.68396133189949
"2024-05-29",0.643941187336658
"2024-05-30",0.745679013971446
"2024-05-31",0.898813854787051
"2024-06-03",0.920787539100001
"2024-06-04",0.765151772421154
"2024-06-05",0.721774682266873
"2024-06-06",0.699253905889193
"2024-06-07",0.599406437520367
"2024-06-10",0.696565434324151
"2024-06-11",0.764459509967065
"2024-06-12",0.901612188622438
"2024-06-13",0.921703022935429
"2024-06-14",0.876686595749547
"2024-06-17",0.745420410958982
"2024-06-18",0.735942524478434
"2024-06-19",0.811328460040507
"2024-06-20",0.785646159599677
"2024-06-21",0.697050902582797
"2024-06-24",0.650485972678313
"2024-06-25",0.751342286454919
"2024-06-26",0.677045848064061
"2024-06-27",0.746472146263896
"2024-06-28",0.742361167388074
"2024-07-01",0.632709120547542
"2024-07-02",0.669146717902419
"2024-07-03",0.548601859048665
"2024-07-04",0.625091191708455
"2024-07-05",0.58290454207584
"2024-07-08",0.453190724405036
"2024-07-09",0.397254948982577
"2024-07-10",0.375194368269881
"2024-07-11",0.329352027931887
"2024-07-12",0.426415135903948
"2024-07-15",0.307113716506458
"2024-07-16",0.608963785646752
"2024-07-17",0.454065845602694
"2024-07-18",0.545779663273504
"2024-07-19",0.511756917939202
"2024-07-22",0.418277694316879
"2024-07-23",0.416017901186831
"2024-07-24",0.572098699974457
"2024-07-25",0.491846415110413
"2024-07-26",0.554449253905391
"2024-07-29",0.708298059416011
"2024-07-30",0.77560579696192
"2024-07-31",0.934138093030936
"2024-08-01",1.04915206646955
"2024-08-02",1.02185191070175
"2024-08-05",0.760478537924414
"2024-08-06",1.01974598634465
"2024-08-07",1.21200466286922
"2024-08-08",1.12822171312634
"2024-08-09",1.44148529714543
"2024-08-12",1.34338056290592
"2024-08-13",1.38630110126008
"2024-08-14",1.28231366404481
"2024-08-15",1.30427084765978
"2024-08-16",1.34987993109108
"2024-08-19",1.37742471643273
"2024-08-20",1.16605379740266
"2024-08-21",1.04454677392731
"2024-08-22",1.02320625552173
"2024-08-23",1.04879013987147
"2024-08-26",1.16879021338357
"2024-08-27",1.14251540372153
"2024-08-28",1.30440063395665
"2024-08-29",1.24108286088538
"2024-08-30",1.2970665807237
