Date,CLOSE
2015-01-02,20.21
2015-01-05,19.953
2015-01-06,19.202
2015-01-07,19.379
2015-01-08,19.496
2015-01-09,19.42
2015-01-12,19.553
2015-01-13,19.91
2015-01-14,19.805
2015-01-15,19.736
2015-01-16,19.461
2015-01-19,19.112
2015-01-20,19.161
2015-01-21,19.35
2015-01-22,19.375
2015-01-23,19.474
2015-01-26,19.529
2015-01-27,19.797
2015-01-28,19.944
2015-01-29,20.319
2015-01-30,19.922
2015-02-02,20.12
2015-02-03,20.133
2015-02-04,20.328
2015-02-05,21.176
2015-02-06,21.124
2015-02-09,21.315
2015-02-10,22.114
2015-02-11,22.515
2015-02-12,23.413
2015-02-13,22.821
2015-02-16,22.29
2015-02-17,22.17
2015-02-18,22.391
2015-02-19,21.635
2015-02-20,21.897
2015-02-23,21.55
2015-02-24,21.995
2015-02-25,22.537
2015-02-26,22.747
2015-02-27,22.69
2015-03-02,22.181
2015-03-03,21.791
2015-03-04,22.064
2015-03-05,21.286
2015-03-06,21.183
2015-03-09,21.61
2015-03-10,21.563
2015-03-11,21.976
2015-03-12,21.643
2015-03-13,21.468
2015-03-16,21.24
2015-03-17,21.073
2015-03-18,21.276
2015-03-19,21.168
2015-03-20,21.099
2015-03-23,20.934
2015-03-24,21.209
2015-03-25,21.195
2015-03-26,21.813
2015-03-27,21.88
2015-03-30,21.562
2015-03-31,21.425
2015-04-01,21.88
2015-04-02,21.65
2015-04-07,21.477
2015-04-08,21.603
2015-04-09,21.738
2015-04-10,21.674
2015-04-13,22.007
2015-04-14,21.509
2015-04-15,21.697
2015-04-16,21.568
2015-04-17,21.122
2015-04-20,21.156
2015-04-21,21.285
2015-04-22,21.212
2015-04-23,21.004
2015-04-24,21.175
2015-04-27,20.916
2015-04-28,20.897
2015-04-29,20.933
2015-04-30,20.642
2015-05-05,20.462
2015-05-06,20.534
2015-05-07,20.32
2015-05-08,20.491
2015-05-11,21.186
2015-05-12,20.965
2015-05-13,20.891
2015-05-14,20.725
2015-05-15,20.67
2015-05-18,20.501
2015-05-19,20.556
2015-05-20,20.723
2015-05-21,20.579
2015-05-22,20.571
2015-05-26,20.604
2015-05-27,20.6
2015-05-28,20.653
2015-05-29,20.5
2015-06-01,20.309
2015-06-02,20.285
2015-06-03,20.296
2015-06-04,20.249
2015-06-05,20.278
2015-06-08,20.48
2015-06-09,20.576
2015-06-10,20.656
2015-06-11,20.228
2015-06-12,20.187
2015-06-15,20.18
2015-06-16,20.41
2015-06-17,20.32
2015-06-18,20.259
2015-06-19,20.525
2015-06-22,20.809
2015-06-23,20.738
2015-06-24,20.78
2015-06-25,20.651
2015-06-26,20.72
2015-06-29,21.536
2015-06-30,21.649
2015-07-01,21.74
2015-07-02,21.86
2015-07-03,21.84
2015-07-06,21.66
2015-07-07,21.55
2015-07-08,21.33
2015-07-09,21.57
2015-07-10,21.69
2015-07-13,21.79
2015-07-14,21.6
2015-07-15,21.71
2015-07-16,21.81
2015-07-17,21.86
2015-07-20,21.62
2015-07-21,21.51
2015-07-22,21.48
2015-07-23,21.29
2015-07-24,21.28
2015-07-27,21.16
2015-07-28,21.39
2015-07-29,21.38
2015-07-30,21.52
2015-07-31,21.18
2015-08-03,20.94
2015-08-04,20.82
2015-08-05,20.83
2015-08-06,20.91
2015-08-07,20.72
2015-08-10,20.81
2015-08-11,20.72
2015-08-12,20.33
2015-08-13,20.33
2015-08-14,20.39
2015-08-17,20.3
2015-08-18,20.42
2015-08-19,20.1
2015-08-20,19.95
2015-08-21,19.83
2015-08-24,19.34
2015-08-25,19.75
2015-08-26,19.54
2015-08-27,19.84
2015-08-28,19.92
2015-09-01,20.03
2015-09-02,19.99
2015-09-03,20.19
2015-09-04,19.97
2015-09-07,19.77
2015-09-08,19.9
2015-09-09,19.87
2015-09-10,19.87
2015-09-11,19.75
2015-09-14,19.63
2015-09-15,19.51
2015-09-16,19.69
2015-09-17,19.49
2015-09-18,19.33
2015-09-21,19.27
2015-09-22,19.34
2015-09-23,19.26
2015-09-24,19.09
2015-09-25,19.2
2015-09-28,18.91
2015-09-29,19.14
2015-09-30,19.12
2015-10-01,18.91
2015-10-02,18.61
2015-10-05,18.88
2015-10-06,19.55
2015-10-07,19.13
2015-10-08,19.4
2015-10-09,19.18
2015-10-12,18.83
2015-10-13,18.61
2015-10-14,18.48
2015-10-15,18.61
2015-10-16,18.65
2015-10-19,18.86
2015-10-20,18.48
2015-10-21,18.4
2015-10-22,18.52
2015-10-23,18.76
2015-10-26,18.42
2015-10-27,18.42
2015-10-28,18.43
2015-10-29,18.5
2015-10-30,18.41
2015-11-02,18.19
2015-11-03,18.2
2015-11-04,18.38
2015-11-05,18.03
2015-11-06,18.13
2015-11-09,17.76
2015-11-10,17.57
2015-11-11,17.45
2015-11-12,17.29
2015-11-13,17.39
2015-11-16,17.63
2015-11-17,18.29
2015-11-18,17.94
2015-11-19,18.05
2015-11-20,17.76
2015-11-23,17.71
2015-11-24,17.98
2015-11-25,18.17
2015-11-26,18.17
2015-11-27,18.19
2015-11-30,18.58
2015-12-01,18.39
2015-12-02,17.91
2015-12-03,17.68
2015-12-04,17.66
2015-12-07,17.16
2015-12-08,17.02
2015-12-09,16.88
2015-12-10,16.8
2015-12-11,16.45
2015-12-14,16.17
2015-12-15,16.39
2015-12-16,15.96
2015-12-17,16.01
2015-12-18,15.83
2015-12-21,15.31
2015-12-22,15.23
2015-12-23,14.92
2015-12-24,14.84
2015-12-29,15.68
2015-12-30,15.21
2015-12-31,14.99
2016-01-04,14.68
2016-01-05,14.82
2016-01-06,15.13
2016-01-07,15.42
2016-01-08,14.63
2016-01-11,14.57
2016-01-12,14.06
2016-01-13,14.23
2016-01-14,13.78
2016-01-15,13.31
2016-01-18,13.46
2016-01-19,13.28
2016-01-20,12.91
2016-01-21,12.88
2016-01-22,13.7
2016-01-25,13.16
2016-01-26,13.32
2016-01-27,13.76
2016-01-28,14.15
2016-01-29,13.8
2016-02-01,13.23
2016-02-02,13.27
2016-02-03,13.3
2016-02-04,12.81
2016-02-05,12.7
2016-02-08,12.61
2016-02-09,12.54
2016-02-10,12.42
2016-02-11,12.32
2016-02-12,12.53
2016-02-15,12.4
2016-02-16,12.18
2016-02-17,12.21
2016-02-18,12.42
2016-02-19,12.53
2016-02-22,12.82
2016-02-23,12.58
2016-02-24,12.27
2016-02-25,12.31
2016-02-26,12.44
2016-02-29,12.5
2016-03-01,12.46
2016-03-02,12.49
2016-03-03,12.34
2016-03-04,12.14
2016-03-07,12.14
2016-03-08,12.18
2016-03-09,12.33
2016-03-10,12.16
2016-03-11,12.16
2016-03-14,12.18
2016-03-15,12.23
2016-03-16,12.15
2016-03-17,12.28
2016-03-18,12.29
2016-03-21,12.11
2016-03-22,12.18
2016-03-23,12.14
2016-03-24,12.21
2016-03-29,12.13
2016-03-30,12.3
2016-03-31,12.22
2016-04-01,11.91
2016-04-04,11.65
2016-04-05,11.64
2016-04-06,11.66
2016-04-07,11.39
2016-04-08,11.44
2016-04-11,11.58
2016-04-12,11.66
2016-04-13,11.67
2016-04-14,11.55
2016-04-15,11.53
2016-04-18,11.72
2016-04-19,11.95
2016-04-20,12.18
2016-04-21,12.91
2016-04-22,13.31
2016-04-25,13.3
2016-04-26,14.13
2016-04-27,14.28
2016-04-28,13.1
2016-04-29,12.94
2016-05-03,12.48
2016-05-04,12.73
2016-05-05,13.19
2016-05-06,13.23
2016-05-09,13.31
2016-05-10,13.29
2016-05-11,13.38
2016-05-12,13.26
2016-05-13,13.17
2016-05-16,13.37
2016-05-17,13.43
2016-05-18,13.38
2016-05-19,13.3
2016-05-20,13.34
2016-05-23,13.21
2016-05-24,13.25
2016-05-25,13.54
2016-05-26,13.76
2016-05-27,14.1
2016-05-31,14.42
2016-06-01,14.35
2016-06-02,14.51
2016-06-03,14.42
2016-06-06,14.68
2016-06-07,14.87
2016-06-08,14.61
2016-06-09,14.36
2016-06-10,14.16
2016-06-13,14.03
2016-06-14,14.27
2016-06-15,14.38
2016-06-16,14.31
2016-06-17,14.61
2016-06-20,15.31
2016-06-21,14.93
2016-06-22,15.42
2016-06-23,15.43
2016-06-24,15.01
2016-06-27,14.52
2016-06-28,14.48
2016-06-29,16.81
2016-06-30,16.39
2016-07-01,16.6
2016-07-04,16.97
2016-07-05,16.5
2016-07-06,16.5
2016-07-07,16.72
2016-07-08,16.45
2016-07-11,16.37
2016-07-12,16.59
2016-07-13,16.41
2016-07-14,16.48
2016-07-15,17.09
2016-07-18,16.94
2016-07-19,16.95
2016-07-20,17.04
2016-07-21,17.21
2016-07-22,17.02
2016-07-25,16.95
2016-07-26,16.72
2016-07-27,16.68
2016-07-28,16.46
2016-07-29,16.44
2016-08-01,15.96
2016-08-02,15.77
2016-08-03,15.76
2016-08-04,15.67
2016-08-05,15.52
2016-08-08,15.45
2016-08-09,15.49
2016-08-10,15.46
2016-08-11,15.46
2016-08-12,15.33
2016-08-15,15.26
2016-08-16,15.42
2016-08-17,15.52
2016-08-18,15.46
2016-08-19,15.03
2016-08-22,14.92
2016-08-23,15.0
2016-08-24,14.76
2016-08-25,14.78
2016-08-26,15.09
2016-08-30,14.86
2016-08-31,14.58
2016-09-01,14.44
2016-09-02,14.45
2016-09-05,14.54
2016-09-06,14.33
2016-09-07,14.06
2016-09-08,14.02
2016-09-09,13.87
2016-09-12,13.83
2016-09-13,13.94
2016-09-14,13.83
2016-09-15,14.13
2016-09-16,14.32
2016-09-19,14.86
2016-09-20,14.44
2016-09-21,14.72
2016-09-22,15.0
2016-09-23,15.36
2016-09-26,15.29
2016-09-27,14.61
2016-09-28,15.15
2016-09-29,16.31
2016-09-30,16.05
2016-10-03,16.25
2016-10-04,16.58
2016-10-05,16.64
2016-10-06,17.05
2016-10-07,16.61
2016-10-10,16.58
2016-10-11,16.17
2016-10-12,16.2
2016-10-13,16.43
2016-10-14,16.81
2016-10-17,16.88
2016-10-18,17.15
2016-10-19,17.22
2016-10-20,17.3
2016-10-21,17.27
2016-10-24,17.51
2016-10-25,17.76
2016-10-26,17.52
2016-10-27,17.77
2016-10-28,17.77
2016-10-31,17.86
2016-11-01,18.42
2016-11-02,18.94
2016-11-03,18.65
2016-11-04,18.09
2016-11-07,17.95
2016-11-08,17.57
2016-11-09,17.89
2016-11-10,18.15
2016-11-11,17.87
2016-11-14,17.5
2016-11-15,17.86
2016-11-16,17.6
2016-11-17,17.6
2016-11-18,17.95
2016-11-21,17.38
2016-11-22,17.7
2016-11-23,17.94
2016-11-24,17.83
2016-11-25,17.53
2016-11-28,17.9
2016-11-29,17.98
2016-11-30,18.14
2016-12-01,17.98
2016-12-02,17.44
2016-12-05,16.87
2016-12-06,16.4
2016-12-07,16.21
2016-12-08,16.51
2016-12-09,16.49
2016-12-12,16.92
2016-12-13,17.24
2016-12-14,16.96
2016-12-15,17.06
2016-12-16,17.62
2016-12-19,17.46
2016-12-20,17.56
2016-12-21,17.72
2016-12-22,18.16
2016-12-23,18.18
2016-12-28,18.64
2016-12-29,18.17
2016-12-30,18.42
2017-01-03,17.62
2017-01-04,17.99
2017-01-05,17.84
2017-01-06,17.57
2017-01-09,17.82
2017-01-10,18.23
2017-01-11,18.67
2017-01-12,18.38
2017-01-13,18.28
2017-01-16,17.85
2017-01-17,18.2
2017-01-18,18.37
2017-01-19,18.36
2017-01-20,18.76
2017-01-23,18.91
2017-01-24,18.57
2017-01-25,18.2
2017-01-26,18.21
2017-01-27,18.02
2017-01-30,18.27
2017-01-31,18.41
2017-02-01,18.78
2017-02-02,18.64
2017-02-03,18.69
2017-02-06,18.6
2017-02-07,18.51
2017-02-08,18.35
2017-02-09,18.4
2017-02-10,18.36
2017-02-13,18.11
2017-02-14,17.99
2017-02-15,17.98
2017-02-16,17.85
2017-02-17,17.8
2017-02-20,17.97
2017-02-21,17.82
2017-02-22,17.8
2017-02-23,18.02
2017-02-24,17.67
2017-02-27,17.31
2017-02-28,16.9
2017-03-01,17.12
2017-03-02,16.78
2017-03-03,16.88
2017-03-06,16.86
2017-03-07,16.59
2017-03-08,16.39
2017-03-09,16.26
2017-03-10,16.28
2017-03-13,15.97
2017-03-14,16.21
2017-03-15,16.41
2017-03-16,16.3
2017-03-17,16.34
2017-03-20,16.07
2017-03-21,15.94
2017-03-22,15.99
2017-03-23,15.97
2017-03-24,15.6
2017-03-27,15.25
2017-03-28,15.48
2017-03-29,16.05
2017-03-30,16.4
2017-03-31,16.03
2017-04-03,16.45
2017-04-04,16.41
2017-04-05,16.48
2017-04-06,16.41
2017-04-07,16.04
2017-04-10,15.89
2017-04-11,15.88
2017-04-12,15.98
2017-04-13,16.03
2017-04-18,16.53
2017-04-19,16.49
2017-04-20,16.35
2017-04-21,16.58
2017-04-24,16.39
2017-04-25,16.04
2017-04-26,16.26
2017-04-27,16.27
2017-04-28,16.31
2017-05-02,16.6
2017-05-03,16.46
2017-05-04,16.07
2017-05-05,15.98
2017-05-08,15.71
2017-05-09,15.73
2017-05-10,15.84
2017-05-11,15.6
2017-05-12,15.61
2017-05-15,15.78
2017-05-16,15.67
2017-05-17,15.85
2017-05-18,16.01
2017-05-19,15.9
2017-05-22,15.86
2017-05-23,15.97
2017-05-24,15.9
2017-05-25,15.76
2017-05-26,15.8
2017-05-30,16.0
2017-05-31,15.68
2017-06-01,15.58
2017-06-02,15.41
2017-06-05,15.56
2017-06-06,15.47
2017-06-07,15.43
2017-06-08,15.9
2017-06-09,15.52
2017-06-12,15.37
2017-06-13,15.17
2017-06-14,15.25
2017-06-15,15.11
2017-06-16,15.06
2017-06-19,15.22
2017-06-20,15.23
2017-06-21,15.14
2017-06-22,15.07
2017-06-23,15.03
2017-06-26,15.25
2017-06-27,15.38
2017-06-28,15.54
2017-06-29,16.27
2017-06-30,16.24
2017-07-03,16.48
2017-07-04,16.35
2017-07-05,16.3
2017-07-06,16.37
2017-07-07,16.15
2017-07-10,16.04
2017-07-11,15.86
2017-07-12,15.87
2017-07-13,16.08
2017-07-14,16.16
2017-07-17,16.45
2017-07-18,16.25
2017-07-19,16.23
2017-07-20,16.28
2017-07-21,16.12
2017-07-24,15.89
2017-07-25,16.06
2017-07-26,16.33
2017-07-27,16.26
2017-07-28,16.17
2017-07-31,16.22
2017-08-01,16.02
2017-08-02,16.1
2017-08-03,16.18
2017-08-04,16.32
2017-08-07,16.48
2017-08-08,16.39
2017-08-09,16.73
2017-08-10,16.82
2017-08-11,17.14
2017-08-14,16.83
2017-08-15,16.61
2017-08-16,16.96
2017-08-17,16.96
2017-08-18,16.95
2017-08-21,16.95
2017-08-22,16.91
2017-08-23,17.03
2017-08-24,17.05
2017-08-25,17.06
2017-08-29,17.14
2017-08-30,17.19
2017-08-31,17.03
2017-09-01,17.04
2017-09-04,17.13
2017-09-05,17.498
2017-09-06,17.549
2017-09-07,17.565
2017-09-08,17.503
2017-09-11,17.858
2017-09-12,17.906
2017-09-13,17.987
2017-09-14,18.223
2017-09-15,17.806
2017-09-18,17.708
2017-09-19,17.757
2017-09-20,17.639
2017-09-21,17.58
2017-09-22,17.366
2017-09-25,18.032
2017-09-26,17.938
2017-09-27,17.968
2017-09-28,18.487
2017-09-29,17.957
2017-10-02,18.098
2017-10-03,18.331
2017-10-04,18.366
2017-10-05,18.465
2017-10-06,18.473
2017-10-09,18.67
2017-10-10,18.558
2017-10-11,18.464
2017-10-12,18.428
2017-10-13,18.49
2017-10-16,18.678
2017-10-17,18.67
2017-10-18,18.866
2017-10-19,18.618
2017-10-20,18.249
2017-10-23,18.235
2017-10-24,17.993
2017-10-25,18.239
2017-10-26,18.219
2017-10-27,18.304
2017-10-30,18.187
2017-10-31,18.508
2017-11-01,18.578
2017-11-02,18.614
2017-11-03,18.327
2017-11-06,19.123
2017-11-07,19.489
2017-11-08,19.48
2017-11-09,19.558
2017-11-10,19.82
2017-11-13,19.966
2017-11-14,19.357
2017-11-15,19.039
2017-11-16,19.256
2017-11-17,19.024
2017-11-20,19.581
2017-11-21,19.824
2017-11-22,19.753
2017-11-23,20.146
2017-11-24,20.511
2017-11-27,20.675
2017-11-28,20.356
2017-11-29,20.377
2017-11-30,20.36
2017-12-01,20.794
2017-12-04,21.216
2017-12-05,21.348
2017-12-06,21.089
2017-12-07,21.225
2017-12-08,20.871
2017-12-11,20.911
2017-12-12,21.683
2017-12-13,20.774
2017-12-14,20.68
2017-12-15,20.876
2017-12-18,20.32
2017-12-19,19.925
2017-12-20,20.19
2017-12-21,19.915
2017-12-22,19.681
2017-12-27,19.175
2017-12-28,18.065
2017-12-29,18.314
2018-01-02,18.093
2018-01-03,18.077
2018-01-04,18.163
2018-01-05,18.008
2018-01-08,18.084
2018-01-09,18.293
2018-01-10,18.471
2018-01-11,18.26
2018-01-12,18.347
2018-01-15,18.082
2018-01-16,17.871
2018-01-17,17.641
2018-01-18,17.587
2018-01-19,17.587
2018-01-22,17.692
2018-01-23,17.577
2018-01-24,17.316
2018-01-25,17.277
2018-01-26,17.115
2018-01-29,16.966
2018-01-30,16.83
2018-01-31,17.263
2018-02-01,17.24
2018-02-02,17.087
2018-02-05,16.826
2018-02-06,16.96
2018-02-07,17.181
2018-02-08,17.017
2018-02-09,16.86
2018-02-12,16.997
2018-02-13,17.162
2018-02-14,17.109
2018-02-15,16.954
2018-02-16,17.178
2018-02-19,17.55
2018-02-20,17.884
2018-02-21,17.858
2018-02-22,17.705
2018-02-23,17.81
2018-02-26,17.385
2018-02-27,17.46
2018-02-28,17.332
2018-03-01,17.259
2018-03-02,17.449
2018-03-05,17.43
2018-03-06,17.679
2018-03-07,17.659
2018-03-08,17.981
2018-03-09,18.373
2018-03-12,18.885
2018-03-13,18.633
2018-03-14,17.994
2018-03-15,18.35
2018-03-16,18.22
2018-03-19,18.312
2018-03-20,18.602
2018-03-21,18.831
2018-03-22,18.602
2018-03-23,18.36
2018-03-26,18.048
2018-03-27,18.453
2018-03-28,18.257
2018-03-29,18.449
2018-04-03,18.218
2018-04-04,18.379
2018-04-05,18.262
2018-04-06,18.201
2018-04-09,18.652
2018-04-10,18.861
2018-04-11,19.329
2018-04-12,19.364
2018-04-13,19.63
2018-04-16,19.458
2018-04-17,19.09
2018-04-18,19.302
2018-04-19,19.879
2018-04-20,19.908
2018-04-23,20.039
2018-04-24,19.769
2018-04-25,19.95
2018-04-26,20.327
2018-04-27,20.375
2018-04-30,20.757
2018-05-02,20.02
2018-05-03,20.062
2018-05-04,20.642
2018-05-08,20.963
2018-05-09,21.009
2018-05-10,21.131
2018-05-11,21.447
2018-05-14,21.832
2018-05-15,21.914
2018-05-16,21.945
2018-05-17,22.417
2018-05-18,22.269
2018-05-21,22.655
2018-05-22,23.3
2018-05-23,23.089
2018-05-24,23.042
2018-05-25,22.243
2018-05-29,22.968
2018-05-30,23.28
2018-05-31,22.686
2018-06-01,22.075
2018-06-04,22.079
2018-06-05,21.627
2018-06-06,21.365
2018-06-07,21.739
2018-06-08,21.653
2018-06-11,21.44
2018-06-12,21.946
2018-06-13,22.549
2018-06-14,22.84
2018-06-15,21.831
2018-06-18,22.314
2018-06-19,21.839
2018-06-20,21.619
2018-06-21,21.64
2018-06-22,21.845
2018-06-25,21.881
2018-06-26,21.569
2018-06-27,22.206
2018-06-28,22.829
2018-06-29,22.801
2018-07-02,22.945
2018-07-03,22.864
2018-07-04,22.807
2018-07-05,22.982
2018-07-06,22.911
2018-07-09,23.257
2018-07-10,23.301
2018-07-11,23.163
2018-07-12,22.566
2018-07-13,22.888
2018-07-16,22.48
2018-07-17,22.426
2018-07-18,22.804
2018-07-19,22.84
2018-07-20,22.433
2018-07-23,22.704
2018-07-24,22.841
2018-07-25,22.947
2018-07-26,22.803
2018-07-27,22.844
2018-07-30,22.779
2018-07-31,22.775
2018-08-01,22.603
2018-08-02,22.575
2018-08-03,22.89
2018-08-06,23.085
2018-08-07,23.271
2018-08-08,23.203
2018-08-09,23.333
2018-08-10,23.586
2018-08-13,24.102
2018-08-14,24.36
2018-08-15,24.183
2018-08-16,24.465
2018-08-17,24.787
2018-08-20,24.919
2018-08-21,25.039
2018-08-22,25.089
2018-08-23,25.405
2018-08-24,25.679
2018-08-28,25.994
2018-08-29,26.511
2018-08-30,26.611
2018-08-31,26.22
2018-09-03,26.572
2018-09-04,26.956
2018-09-05,27.372
2018-09-06,27.827
2018-09-07,28.345
2018-09-10,29.468
2018-09-11,29.119
2018-09-12,27.962
2018-09-13,27.21
2018-09-14,27.319
2018-09-17,28.418
2018-09-18,27.906
2018-09-19,28.792
2018-09-20,28.897
2018-09-21,28.96
2018-09-24,29.579
2018-09-25,29.485
2018-09-26,28.615
2018-09-27,27.866
2018-09-28,27.839
2018-10-01,27.602
2018-10-02,27.496
2018-10-03,27.477
2018-10-04,27.852
2018-10-05,27.535
2018-10-08,27.533
2018-10-09,27.238
2018-10-10,26.663
2018-10-11,26.159
2018-10-12,26.863
2018-10-15,26.963
2018-10-16,26.679
2018-10-17,26.281
2018-10-18,26.356
2018-10-19,27.093
2018-10-22,26.469
2018-10-23,26.142
2018-10-24,25.894
2018-10-25,25.57
2018-10-26,24.909
2018-10-29,25.29
2018-10-30,24.607
2018-10-31,24.539
2018-11-01,23.794
2018-11-02,24.525
2018-11-05,24.016
2018-11-06,24.176
2018-11-07,24.575
2018-11-08,24.555
2018-11-09,24.509
2018-11-12,26.035
2018-11-13,26.557
2018-11-14,26.384
2018-11-15,26.627
2018-11-16,26.019
2018-11-19,24.438
2018-11-20,24.515
2018-11-21,24.565
2018-11-22,24.938
2018-11-23,25.006
2018-11-26,24.847
2018-11-27,25.555
2018-11-28,24.625
2018-11-29,24.92
2018-11-30,24.694
2018-12-03,25.12
2018-12-04,24.475
2018-12-05,23.964
2018-12-06,23.345
2018-12-07,23.294
2018-12-10,23.405
2018-12-11,23.789
2018-12-12,24.141
2018-12-13,24.447
2018-12-14,24.776
2018-12-17,24.842
2018-12-18,23.952
2018-12-19,24.279
2018-12-20,24.594
2018-12-21,24.791
2018-12-24,24.597
2018-12-27,23.364
2018-12-28,21.348
2018-12-31,20.92
2019-01-02,20.927
2019-01-03,20.754
2019-01-04,21.301
2019-01-07,20.549
2019-01-08,20.984
2019-01-09,20.585
2019-01-10,20.6
2019-01-11,20.98
2019-01-14,20.592
2019-01-15,20.901
2019-01-16,21.144
2019-01-17,21.927
2019-01-18,21.807
2019-01-21,21.296
2019-01-22,21.461
2019-01-23,21.788
2019-01-24,21.122
2019-01-25,20.781
2019-01-28,20.549
2019-01-29,20.663
2019-01-30,20.299
2019-01-31,20.036
2019-02-01,19.69
2019-02-04,19.675
2019-02-05,19.437
2019-02-06,19.25
2019-02-07,19.284
2019-02-08,18.694
2019-02-11,18.668
2019-02-12,18.281
2019-02-13,18.511
2019-02-14,18.345
2019-02-15,18.625
2019-02-18,18.18
2019-02-19,18.486
2019-02-20,18.892
2019-02-21,18.424
2019-02-22,18.162
2019-02-25,17.892
2019-02-26,17.823
2019-02-27,18.33
2019-02-28,18.54
2019-03-01,18.106
2019-03-04,18.213
2019-03-05,17.967
2019-03-06,17.603
2019-03-07,17.55
2019-03-08,17.494
2019-03-11,17.352
2019-03-12,16.889
2019-03-13,16.398
2019-03-14,16.298
2019-03-15,15.961
2019-03-18,15.586
2019-03-19,15.569
2019-03-20,15.823
2019-03-21,15.345
2019-03-22,15.202
2019-03-25,14.888
2019-03-26,15.079
2019-03-27,15.602
2019-03-28,15.49
2019-03-29,15.35
2019-04-01,15.061
2019-04-02,14.685
2019-04-03,15.516
2019-04-04,15.986
2019-04-05,17.55
2019-04-08,17.012
2019-04-09,17.75
2019-04-10,16.946
2019-04-11,17.254
2019-04-12,17.144
2019-04-15,16.31
2019-04-16,16.245
2019-04-17,16.71
2019-04-18,16.008
2019-04-23,15.998
2019-04-24,15.762
2019-04-25,15.91
2019-04-26,15.712
2019-04-29,15.709
2019-04-30,15.622
2019-05-02,15.577
2019-05-03,15.804
2019-05-07,15.451
2019-05-08,15.499
2019-05-09,15.635
2019-05-10,15.209
2019-05-13,14.955
2019-05-14,15.005
2019-05-15,15.065
2019-05-16,14.581
2019-05-17,14.074
2019-05-20,14.094
2019-05-21,13.837
2019-05-22,13.894
2019-05-23,13.818
2019-05-24,13.531
2019-05-28,13.807
2019-05-29,13.645
2019-05-30,13.244
2019-05-31,12.694
2019-06-03,12.416
2019-06-04,13.016
2019-06-05,12.749
2019-06-06,12.299
2019-06-07,12.625
2019-06-10,12.956
2019-06-11,12.322
2019-06-12,12.209
2019-06-13,12.222
2019-06-14,12.185
2019-06-17,12.309
2019-06-18,11.785
2019-06-19,11.308
2019-06-20,11.124
2019-06-21,11.305
2019-06-24,11.206
2019-06-25,10.906
2019-06-26,10.882
2019-06-27,17.657
2019-06-28,17.265
2019-07-01,17.347
2019-07-02,16.902
2019-07-03,16.685
2019-07-04,16.834
2019-07-05,17.09
2019-07-08,17.407
2019-07-09,17.517
2019-07-10,18.096
2019-07-11,18.969
2019-07-12,19.491
2019-07-15,18.856
2019-07-16,17.792
2019-07-17,17.787
2019-07-18,17.601
2019-07-19,18.027
2019-07-22,17.604
2019-07-23,17.882
2019-07-24,17.33
2019-07-25,17.191
2019-07-26,16.804
2019-07-29,16.459
2019-07-30,16.31
2019-07-31,16.494
2019-08-01,17.267
2019-08-02,16.963
2019-08-05,16.509
2019-08-06,16.287
2019-08-07,16.519
2019-08-08,17.027
2019-08-09,16.669
2019-08-12,16.456
2019-08-13,16.864
2019-08-14,16.549
2019-08-15,16.396
2019-08-16,16.288
2019-08-19,15.928
2019-08-20,16.067
2019-08-21,16.091
2019-08-22,16.017
2019-08-23,15.796
2019-08-27,15.344
2019-08-28,15.503
2019-08-29,16.008
2019-08-30,15.832
2019-09-02,15.084
2019-09-03,15.2
2019-09-04,15.064
2019-09-05,15.293
2019-09-06,15.519
2019-09-09,15.397
2019-09-10,17.38
2019-09-11,17.618
2019-09-12,17.396
2019-09-13,17.376
2019-09-16,18.295
2019-09-17,16.99
2019-09-18,16.493
2019-09-19,16.565
2019-09-20,16.836
2019-09-23,16.341
2019-09-24,16.467
2019-09-25,16.043
2019-09-26,16.19
2019-09-27,19.092
2019-09-30,19.05
2019-10-01,19.261
2019-10-02,18.488
2019-10-03,18.394
2019-10-04,18.295
2019-10-07,18.22
2019-10-08,18.423
2019-10-09,18.512
2019-10-10,18.784
2019-10-11,19.069
2019-10-14,18.925
2019-10-15,18.838
2019-10-16,18.79
2019-10-17,18.637
2019-10-18,18.47
2019-10-21,18.123
2019-10-22,17.985
2019-10-23,17.785
2019-10-24,17.851
2019-10-25,17.545
2019-10-28,17.269
2019-10-29,17.207
2019-10-30,17.083
2019-10-31,17.064
2019-11-01,17.243
2019-11-04,17.503
2019-11-05,17.766
2019-11-06,17.345
2019-11-07,17.166
2019-11-08,17.054
2019-11-11,16.948
2019-11-12,16.701
2019-11-13,16.737
2019-11-14,16.953
2019-11-15,17.149
2019-11-18,16.79
2019-11-19,16.819
2019-11-20,16.966
2019-11-21,17.032
2019-11-22,17.338
2019-11-25,17.519
2019-11-26,16.968
2019-11-27,17.209
2019-11-28,16.95
2019-11-29,16.77
2019-12-02,16.333
2019-12-03,16.237
2019-12-04,16.387
2019-12-05,15.954
2019-12-06,15.644
2019-12-09,15.321
2019-12-10,15.026
2019-12-11,14.611
2019-12-12,15.285
2019-12-13,14.265
2019-12-16,14.375
2019-12-17,14.891
2019-12-18,15.245
2019-12-19,15.357
2019-12-20,14.698
2019-12-23,13.574
2019-12-24,13.185
2019-12-27,13.158
2019-12-30,12.335
2019-12-31,12.088
2020-01-02,12.012
2020-01-03,12.976
2020-01-06,12.498
2020-01-07,12.164
2020-01-08,12.187
2020-01-09,12.358
2020-01-10,12.158
2020-01-13,12.29
2020-01-14,11.678
2020-01-15,11.475
2020-01-16,11.42
2020-01-17,11.251
2020-01-20,11.098
2020-01-21,11.197
2020-01-22,10.962
2020-01-23,10.817
2020-01-24,10.903
2020-01-27,10.968
2020-01-28,11.284
2020-01-29,10.697
2020-01-30,10.49
2020-01-31,10.378
2020-02-03,10.126
2020-02-04,10.281
2020-02-05,10.15
2020-02-06,10.018
2020-02-07,9.957
2020-02-10,9.689
2020-02-11,9.618
2020-02-12,9.748
2020-02-13,9.991
2020-02-14,10.025
2020-02-17,10.625
2020-02-18,10.555
2020-02-19,10.483
2020-02-20,10.399
2020-02-21,10.237
2020-02-24,9.682
2020-02-25,9.618
2020-02-26,9.708
2020-02-27,9.45
2020-02-28,9.489
2020-03-02,9.507
2020-03-03,9.801
2020-03-04,9.515
2020-03-05,9.53
2020-03-06,9.236
2020-03-09,9.223
2020-03-10,9.521
2020-03-11,9.762
2020-03-12,9.647
2020-03-13,9.522
2020-03-16,8.98
2020-03-17,8.723
2020-03-18,8.534
2020-03-19,8.801
2020-03-20,8.591
2020-03-23,8.158
2020-03-24,8.269
2020-03-25,8.054
2020-03-26,7.939
2020-03-27,7.588
2020-03-30,7.798
2020-03-31,7.824
2020-04-01,7.797
2020-04-02,7.978
2020-04-03,8.019
2020-04-06,8.456
2020-04-07,8.494
2020-04-08,8.443
2020-04-09,8.448
2020-04-14,8.183
2020-04-15,7.846
2020-04-16,8.117
2020-04-17,8.279
2020-04-20,8.128
2020-04-21,7.773
2020-04-22,7.64
2020-04-23,7.473
2020-04-24,7.174
2020-04-27,7.241
2020-04-28,7.435
2020-04-29,7.392
2020-04-30,7.351
2020-05-04,6.897
2020-05-05,6.86
2020-05-06,6.96
2020-05-07,7.016
2020-05-08,6.913
2020-05-11,6.905
2020-05-12,6.483
2020-05-13,6.319
2020-05-14,6.474
2020-05-15,6.356
2020-05-18,6.108
2020-05-19,5.855
2020-05-20,5.697
2020-05-21,5.071
2020-05-22,5.128
2020-05-25,5.855
2020-05-26,5.335
2020-05-27,5.014
2020-05-28,4.853
2020-05-29,5.204
2020-06-01,4.892
2020-06-02,5.486
2020-06-03,5.943
2020-06-04,6.043
2020-06-05,6.276
2020-06-08,5.838
2020-06-09,5.45
2020-06-10,5.399
2020-06-11,5.515
2020-06-12,5.779
2020-06-15,5.976
2020-06-16,5.73
2020-06-17,5.713
2020-06-18,5.933
2020-06-19,6.103
2020-06-22,6.015
2020-06-23,6.276
2020-06-24,6.053
2020-06-25,5.749
2020-06-26,5.681
2020-06-29,10.94
2020-06-30,10.966
2020-07-01,10.737
2020-07-02,10.903
2020-07-03,11.084
2020-07-06,11.351
2020-07-07,11.543
2020-07-08,11.399
2020-07-09,11.402
2020-07-10,11.196
2020-07-13,11.155
2020-07-14,10.953
2020-07-15,10.899
2020-07-16,10.731
2020-07-17,10.741
2020-07-20,10.161
2020-07-21,10.285
2020-07-22,10.367
2020-07-23,10.41
2020-07-24,10.295
2020-07-27,10.162
2020-07-28,10.224
2020-07-29,10.518
2020-07-30,10.418
2020-07-31,10.402
2020-08-03,10.833
2020-08-04,11.079
2020-08-05,11.228
2020-08-06,11.55
2020-08-07,11.497
2020-08-10,11.329
2020-08-11,11.378
2020-08-12,11.211
2020-08-13,11.343
2020-08-14,12.013
2020-08-17,11.895
2020-08-18,12.139
2020-08-19,12.11
2020-08-20,12.026
2020-08-21,11.645
2020-08-24,12.098
2020-08-25,12.457
2020-08-26,12.693
2020-08-27,12.297
2020-08-28,13.017
2020-08-31,13.101
2020-09-01,13.175
2020-09-02,12.941
2020-09-03,13.309
2020-09-04,13.131
2020-09-07,12.62
2020-09-08,12.262
2020-09-09,12.169
2020-09-10,12.087
2020-09-11,12.12
2020-09-14,12.362
2020-09-15,12.469
2020-09-16,12.784
2020-09-17,12.61
2020-09-18,12.915
2020-09-21,12.568
2020-09-22,12.735
2020-09-23,13.061
2020-09-24,12.831
2020-09-25,12.875
2020-09-28,13.677
2020-09-29,14.339
2020-09-30,13.95
2020-10-01,13.807
2020-10-02,13.627
2020-10-05,14.033
2020-10-06,13.884
2020-10-07,14.315
2020-10-08,14.314
2020-10-09,14.335
2020-10-12,14.301
2020-10-13,14.183
2020-10-14,14.432
2020-10-15,14.727
2020-10-16,14.99
2020-10-19,15.278
2020-10-20,15.316
2020-10-21,15.227
2020-10-22,15.521
2020-10-23,15.614
2020-10-26,15.031
2020-10-27,14.853
2020-10-28,14.51
2020-10-29,14.351
2020-10-30,14.074
2020-11-02,13.66
2020-11-03,13.75
2020-11-04,13.949
2020-11-05,14.551
2020-11-06,14.062
2020-11-09,14.073
2020-11-10,14.166
2020-11-11,14.226
2020-11-12,14.132
2020-11-13,14.327
2020-11-16,14.602
2020-11-17,13.998
2020-11-18,13.772
2020-11-19,13.27
2020-11-20,13.11
2020-11-23,13.64
2020-11-24,14.03
2020-11-25,14.046
2020-11-26,14.008
2020-11-27,14.496
2020-11-30,14.978
2020-12-01,14.773
2020-12-02,14.732
2020-12-03,13.956
2020-12-04,14.469
2020-12-07,14.159
2020-12-08,14.318
2020-12-09,14.591
2020-12-10,15.384
2020-12-11,15.68
2020-12-14,16.421
2020-12-15,16.914
2020-12-16,16.038
2020-12-17,15.539
2020-12-18,15.493
2020-12-21,16.409
2020-12-22,17.143
2020-12-23,17.0
2020-12-24,17.019
2020-12-28,18.57
2020-12-29,18.16
2020-12-30,16.646
2020-12-31,16.875
2021-01-04,17.054
2021-01-05,16.275
2021-01-06,16.04
2021-01-07,16.975
2021-01-08,17.246
2021-01-11,17.822
2021-01-12,18.441
2021-01-13,17.482
2021-01-14,17.187
2021-01-15,16.58
2021-01-18,16.341
2021-01-19,17.098
2021-01-20,17.253
2021-01-21,17.292
2021-01-22,17.635
2021-01-25,17.141
2021-01-26,17.07
2021-01-27,17.264
2021-01-28,17.656
2021-01-29,17.348
2021-02-01,16.834
2021-02-02,17.002
2021-02-03,16.958
2021-02-04,17.178
2021-02-05,17.486
2021-02-08,18.303
2021-02-09,18.028
2021-02-10,17.752
2021-02-11,17.104
2021-02-12,17.178
2021-02-15,16.656
2021-02-16,16.63
2021-02-17,16.587
2021-02-18,17.08
2021-02-19,16.596
2021-02-22,16.131
2021-02-23,16.388
2021-02-24,16.516
2021-02-25,16.127
2021-02-26,16.024
2021-03-01,16.287
2021-03-02,16.098
2021-03-03,15.788
2021-03-04,16.194
2021-03-05,16.658
2021-03-08,16.51
2021-03-09,17.16
2021-03-10,17.808
2021-03-11,18.398
2021-03-12,18.753
2021-03-15,18.285
2021-03-16,17.958
2021-03-17,18.266
2021-03-18,17.98
2021-03-19,17.561
2021-03-22,18.266
2021-03-23,18.58
2021-03-24,18.775
2021-03-25,18.56
2021-03-26,18.853
2021-03-29,18.685
2021-03-30,19.056
2021-03-31,19.275
2021-04-01,19.425
2021-04-06,19.911
2021-04-07,19.507
2021-04-08,19.228
2021-04-09,19.094
2021-04-12,19.775
2021-04-13,19.764
2021-04-14,19.845
2021-04-15,20.381
2021-04-16,20.733
2021-04-19,21.121
2021-04-20,21.25
2021-04-21,21.263
2021-04-22,21.444
2021-04-23,20.226
2021-04-26,20.124
2021-04-27,21.548
2021-04-28,21.689
2021-04-29,22.665
2021-04-30,23.383
2021-05-03,23.81
2021-05-04,23.375
2021-05-05,24.021
2021-05-06,24.4
2021-05-07,24.043
2021-05-10,25.275
2021-05-11,25.797
2021-05-12,26.48
2021-05-13,26.27
2021-05-14,26.806
2021-05-17,26.34
2021-05-18,24.754
2021-05-19,22.609
2021-05-20,24.504
2021-05-21,24.54
2021-05-24,24.576
2021-05-25,26.122
2021-05-26,26.296
2021-05-27,25.136
2021-05-28,25.042
2021-05-31,25.233
2021-06-01,26.07
2021-06-02,25.753
2021-06-03,25.775
2021-06-04,25.849
2021-06-07,26.525
2021-06-08,27.817
2021-06-09,28.366
2021-06-10,28.766
2021-06-11,27.723
2021-06-14,28.697
2021-06-15,28.054
2021-06-16,27.907
2021-06-17,28.187
2021-06-18,29.266
2021-06-21,29.614
2021-06-22,30.665
2021-06-23,31.45
2021-06-24,31.96
2021-06-25,32.156
2021-06-28,32.083
2021-06-29,33.641
2021-06-30,35.178
2021-07-01,36.801
2021-07-02,36.234
2021-07-05,38.717
2021-07-06,34.292
2021-07-07,32.586
2021-07-08,33.842
2021-07-09,37.695
2021-07-12,34.963
2021-07-13,36.045
2021-07-14,35.333
2021-07-15,34.416
2021-07-16,35.283
2021-07-19,36.481
2021-07-20,35.786
2021-07-21,36.453
2021-07-22,36.65
2021-07-23,36.128
2021-07-26,37.2
2021-07-27,37.92
2021-07-28,39.7
2021-07-29,41.238
2021-07-30,40.501
2021-08-02,41.915
2021-08-03,40.919
2021-08-04,41.815
2021-08-05,42.783
2021-08-06,43.099
2021-08-09,42.96
2021-08-10,44.812
2021-08-11,46.282
2021-08-12,46.217
2021-08-13,44.941
2021-08-16,47.76
2021-08-17,47.0
2021-08-18,45.22
2021-08-19,40.05
2021-08-20,42.126
2021-08-23,42.115
2021-08-24,44.835
2021-08-25,45.469
2021-08-26,45.784
2021-08-27,47.692
2021-08-30,49.352
2021-08-31,49.97
2021-09-01,49.314
2021-09-02,51.42
2021-09-03,51.469
2021-09-06,52.323
2021-09-07,53.479
2021-09-08,55.08
2021-09-09,56.4
2021-09-10,57.895
2021-09-13,61.427
2021-09-14,65.379
2021-09-15,70.757
2021-09-16,61.38
2021-09-17,65.052
2021-09-20,75.17
2021-09-21,73.94
2021-09-22,71.864
2021-09-23,69.78
2021-09-24,70.5
2021-09-27,77.446
2021-09-28,79.291
2021-09-29,84.19
2021-09-30,95.1
2021-10-01,92.788
2021-10-04,95.334
2021-10-05,115.02
2021-10-06,108.408
2021-10-07,96.413
2021-10-08,85.666
2021-10-11,84.0
2021-10-12,84.328
2021-10-13,92.12
2021-10-14,100.606
2021-10-15,92.507
2021-10-18,92.489
2021-10-19,88.97
2021-10-20,92.34
2021-10-21,87.112
2021-10-22,85.656
2021-10-25,87.074
2021-10-26,86.324
2021-10-27,83.894
2021-10-28,74.021
2021-10-29,62.483
2021-11-01,63.207
2021-11-02,65.059
2021-11-03,74.501
2021-11-04,70.771
2021-11-05,71.197
2021-11-08,76.181
2021-11-09,70.107
2021-11-10,67.273
2021-11-11,72.681
2021-11-12,73.375
2021-11-15,77.844
2021-11-16,90.988
2021-11-17,91.836
2021-11-18,92.104
2021-11-19,84.242
2021-11-22,81.819
2021-11-23,88.674
2021-11-24,91.524
2021-11-25,91.488
2021-11-26,86.035
2021-11-29,91.631
2021-11-30,90.928
2021-12-01,93.35
2021-12-02,92.82
2021-12-03,87.45
2021-12-06,88.051
2021-12-07,94.1
2021-12-08,99.0
2021-12-09,98.796
2021-12-10,103.9
2021-12-13,113.531
2021-12-14,124.882
2021-12-15,127.417
2021-12-16,135.833
2021-12-17,131.8
2021-12-20,142.13
2021-12-21,175.69
2021-12-22,169.5
2021-12-23,131.0
2021-12-24,110.25
2021-12-27,105.33
2021-12-28,105.75
2021-12-29,96.3
2021-12-30,76.779
2021-12-31,65.187
2022-01-03,72.609
2022-01-04,80.518
2022-01-05,82.922
2022-01-06,85.165
2022-01-07,78.797
2022-01-10,77.737
2022-01-11,71.534
2022-01-12,64.713
2022-01-13,65.251
2022-01-14,66.848
2022-01-17,64.389
2022-01-18,64.836
2022-01-19,62.972
2022-01-20,65.047
2022-01-21,69.203
2022-01-24,81.648
2022-01-25,83.731
2022-01-26,85.829
2022-01-27,88.616
2022-01-28,88.626
2022-01-31,81.661
2022-02-01,72.928
2022-02-02,75.52
2022-02-03,79.321
2022-02-04,81.191
2022-02-07,78.827
2022-02-08,76.771
2022-02-09,73.585
2022-02-10,73.299
2022-02-11,76.885
2022-02-14,79.782
2022-02-15,67.858
2022-02-16,69.92
2022-02-17,74.293
2022-02-18,73.39
2022-02-21,72.078
2022-02-22,79.423
2022-02-23,88.293
2022-02-24,132.186
2022-02-25,92.181
2022-02-28,98.097
2022-03-01,120.731
2022-03-02,163.354
2022-03-03,159.576
2022-03-04,188.023
2022-03-07,217.901
2022-03-08,207.052
2022-03-09,154.925
2022-03-10,124.356
2022-03-11,132.031
2022-03-14,115.6
2022-03-15,115.269
2022-03-16,102.915
2022-03-17,105.243
2022-03-18,104.574
2022-03-21,97.476
2022-03-22,99.032
2022-03-23,117.614
2022-03-24,113.159
2022-03-25,103.688
2022-03-28,104.799
2022-03-29,111.463
2022-03-30,121.15
2022-03-31,128.46
2022-04-01,116.48
2022-04-04,113.03
2022-04-05,112.443
2022-04-06,110.78
2022-04-07,107.53
2022-04-08,107.19
2022-04-11,103.23
2022-04-12,105.185
2022-04-13,108.0
2022-04-14,98.145
2022-04-19,96.175
2022-04-20,96.55
2022-04-21,101.9
2022-04-22,97.25
2022-04-25,94.8
2022-04-26,103.76
2022-04-27,109.0
2022-04-28,101.68
2022-04-29,101.15
2022-05-02,98.412
2022-05-03,100.287
2022-05-04,105.37
2022-05-05,107.92
2022-05-06,103.279
2022-05-09,95.938
2022-05-10,100.95
2022-05-11,97.28
2022-05-12,110.01
2022-05-13,101.777
2022-05-16,96.93
2022-05-17,99.8
2022-05-18,99.4
2022-05-19,95.35
2022-05-20,91.846
2022-05-23,87.92
2022-05-24,89.61
2022-05-25,93.524
2022-05-26,91.7
2022-05-27,93.218
2022-05-30,92.515
2022-05-31,95.344
2022-06-01,88.0
2022-06-02,86.91
2022-06-03,86.069
2022-06-06,85.22
2022-06-07,82.35
2022-06-08,81.921
2022-06-09,86.79
2022-06-10,84.791
2022-06-13,85.375
2022-06-14,98.45
2022-06-15,120.76
2022-06-16,126.65
2022-06-17,118.542
2022-06-20,123.1
2022-06-21,126.768
2022-06-22,129.0
2022-06-23,134.882
2022-06-24,130.47
2022-06-27,131.65
2022-06-28,131.269
2022-06-29,149.072
2022-06-30,155.188
2022-07-01,158.802
2022-07-04,171.172
2022-07-05,171.876
2022-07-06,178.093
2022-07-07,190.748
2022-07-08,182.91
2022-07-11,171.746
2022-07-12,179.771
2022-07-13,186.666
2022-07-14,183.641
2022-07-15,167.976
2022-07-18,167.117
2022-07-19,164.589
2022-07-20,164.223
2022-07-21,161.599
2022-07-22,167.183
2022-07-25,182.15
2022-07-26,207.124
2022-07-27,210.1
2022-07-28,202.929
2022-07-29,193.967
2022-08-01,202.817
2022-08-02,207.021
2022-08-03,201.474
2022-08-04,201.6
2022-08-05,198.874
2022-08-08,196.026
2022-08-09,197.11
2022-08-10,211.147
2022-08-11,215.423
2022-08-12,214.198
2022-08-15,227.588
2022-08-16,234.769
2022-08-17,232.921
2022-08-18,246.501
2022-08-19,250.648
2022-08-22,281.977
2022-08-23,276.337
2022-08-24,298.131
2022-08-25,328.867
2022-08-26,347.847
2022-08-29,298.044
2022-08-30,272.481
2022-08-31,248.0
2022-09-01,249.176
2022-09-02,221.019
2022-09-05,253.65
2022-09-06,244.896
2022-09-07,219.0
2022-09-08,222.36
2022-09-09,214.141
2022-09-12,198.482
2022-09-13,204.679
2022-09-14,223.483
2022-09-15,222.299
2022-09-16,198.85
2022-09-19,194.777
2022-09-20,204.089
2022-09-21,202.835
2022-09-22,200.317
2022-09-23,199.866
2022-09-26,189.649
2022-09-27,200.981
2022-09-28,219.676
2022-09-29,209.084
2022-09-30,197.91
2022-10-03,179.243
2022-10-04,172.135
2022-10-05,186.957
2022-10-06,186.341
2022-10-07,171.307
2022-10-10,174.348
2022-10-11,177.853
2022-10-12,177.983
2022-10-13,172.496
2022-10-14,163.672
2022-10-17,159.24
2022-10-18,148.55
2022-10-19,142.481
2022-10-20,158.38
2022-10-21,151.488
2022-10-24,145.497
2022-10-25,143.727
2022-10-26,142.745
2022-10-27,144.818
2022-10-28,146.8
2022-10-31,132.188
2022-11-01,125.694
2022-11-02,134.752
2022-11-03,134.98
2022-11-04,126.355
2022-11-07,122.448
2022-11-08,128.515
2022-11-09,123.302
2022-11-10,122.412
2022-11-11,108.578
2022-11-14,122.593
2022-11-15,132.222
2022-11-16,123.905
2022-11-17,122.381
2022-11-18,124.822
2022-11-21,124.08
2022-11-22,129.66
2022-11-23,137.486
2022-11-24,131.499
2022-11-25,131.398
2022-11-28,129.516
2022-11-29,137.289
2022-11-30,146.61
2022-12-01,141.205
2022-12-02,136.853
2022-12-05,135.625
2022-12-06,139.935
2022-12-07,150.212
2022-12-08,140.865
2022-12-09,140.677
2022-12-12,138.714
2022-12-13,139.249
2022-12-14,134.0
2022-12-15,136.105
2022-12-16,117.62
2022-12-19,110.836
2022-12-20,107.56
2022-12-21,100.261
2022-12-22,94.095
2022-12-23,85.688
2022-12-26,
2022-12-27,83.1
2022-12-28,84.415
2022-12-29,89.169
2022-12-30,79.22
2023-01-02,81.558
2023-01-03,77.84
2023-01-04,68.655
2023-01-05,75.04
2023-01-06,73.395
2023-01-09,77.04
2023-01-10,73.266
2023-01-11,68.8
2023-01-12,69.67
2023-01-13,66.843
2023-01-16,58.237
2023-01-17,62.763
2023-01-18,64.141
2023-01-19,63.473
2023-01-20,68.861
2023-01-23,68.535
2023-01-24,60.768
2023-01-25,58.723
2023-01-26,57.077
2023-01-27,56.795
2023-01-30,57.045
2023-01-31,59.441
2023-02-01,61.72
2023-02-02,59.503
2023-02-03,60.195
2023-02-06,60.142
2023-02-07,57.65
2023-02-08,55.917
2023-02-09,55.029
2023-02-10,55.402
2023-02-13,53.457
2023-02-14,53.645
2023-02-15,55.554
2023-02-16,53.577
2023-02-17,50.927
2023-02-20,50.949
2023-02-21,49.728
2023-02-22,51.118
2023-02-23,51.621
2023-02-24,51.775
2023-02-27,48.577
2023-02-28,47.761
2023-03-01,47.908
2023-03-02,47.679
2023-03-03,45.881
2023-03-06,43.135
2023-03-07,44.135
2023-03-08,43.373
2023-03-09,44.372
2023-03-10,53.274
2023-03-13,50.819
2023-03-14,45.31
2023-03-15,43.975
2023-03-16,45.313
2023-03-17,44.127
2023-03-20,40.617
2023-03-21,43.517
2023-03-22,41.35
2023-03-23,44.163
2023-03-24,42.298
2023-03-27,43.374
2023-03-28,43.812
2023-03-29,43.579
2023-03-30,45.341
2023-03-31,49.628
2023-04-03,53.3
2023-04-04,49.261
2023-04-05,47.016
2023-04-06,45.368
2023-04-11,46.416
2023-04-12,45.645
2023-04-13,44.7
2023-04-14,43.764
2023-04-17,43.82
2023-04-18,45.219
2023-04-19,43.17
2023-04-20,43.23
2023-04-21,42.89
2023-04-24,42.445
2023-04-25,42.41
2023-04-26,41.01
2023-04-27,41.68
2023-04-28,41.2
2023-05-02,40.064
2023-05-03,39.11
2023-05-04,38.2
2023-05-05,39.156
2023-05-08,39.375
2023-05-09,38.687
2023-05-10,37.71
2023-05-11,37.566
2023-05-12,35.585
2023-05-15,34.575
2023-05-16,34.316
2023-05-17,34.285
2023-05-18,32.16
2023-05-19,32.47
2023-05-22,32.5
2023-05-23,32.11
2023-05-24,31.06
2023-05-25,28.69
2023-05-26,27.415
2023-05-29,27.515
2023-05-30,27.793
2023-05-31,29.23
2023-06-01,25.681
2023-06-02,26.109
2023-06-05,30.34
2023-06-06,27.065
2023-06-07,28.13
2023-06-08,28.848
2023-06-09,33.91
2023-06-12,33.06
2023-06-13,37.674
2023-06-14,39.794
2023-06-15,41.41
2023-06-16,36.56
2023-06-19,36.425
2023-06-20,40.32
2023-06-21,38.12
2023-06-22,35.552
2023-06-23,34.016
2023-06-26,33.503
2023-06-27,35.48
2023-06-28,35.088
2023-06-29,48.819
2023-06-30,50.606
2023-07-03,47.829
2023-07-04,49.376
2023-07-05,49.498
2023-07-06,48.54
2023-07-07,49.929
2023-07-10,46.776
2023-07-11,44.838
2023-07-12,42.2
2023-07-13,42.5
2023-07-14,43.087
2023-07-17,42.4
2023-07-18,44.7
2023-07-19,45.289
2023-07-20,45.808
2023-07-21,45.259
2023-07-24,46.667
2023-07-25,48.123
2023-07-26,45.522
2023-07-27,44.777
2023-07-28,42.2
2023-07-31,43.371
2023-08-01,42.368
2023-08-02,42.154
2023-08-03,42.861
2023-08-04,42.06
2023-08-07,43.033
2023-08-08,43.43
2023-08-09,49.014
2023-08-10,47.085
2023-08-11,46.796
2023-08-14,46.72
2023-08-15,51.07
2023-08-16,50.525
2023-08-17,49.92
2023-08-18,50.46
2023-08-21,53.553
2023-08-22,54.546
2023-08-23,50.216
2023-08-24,44.376
2023-08-25,46.199
2023-08-28,49.246
2023-08-29,46.719
2023-08-30,47.967
2023-08-31,44.581
2023-09-01,44.624
2023-09-04,43.209
2023-09-05,44.22
2023-09-06,41.265
2023-09-07,42.274
2023-09-08,43.526
2023-09-11,44.395
2023-09-12,43.523
2023-09-13,45.158
2023-09-14,44.107
2023-09-15,44.438
2023-09-18,42.753
2023-09-19,44.069
2023-09-20,43.462
2023-09-21,44.531
2023-09-22,44.902
2023-09-25,48.254
2023-09-26,44.49
2023-09-27,43.685
2023-09-28,48.697
2023-09-29,48.057
2023-10-02,46.578
2023-10-03,44.781
2023-10-04,45.73
2023-10-05,44.633
2023-10-06,45.869
2023-10-09,49.677
2023-10-10,53.954
2023-10-11,51.543
2023-10-12,56.704
2023-10-13,57.981
2023-10-16,54.642
2023-10-17,55.142
2023-10-18,57.177
2023-10-19,57.43
2023-10-20,58.032
2023-10-23,58.365
2023-10-24,55.62
2023-10-25,54.894
2023-10-26,55.407
2023-10-27,55.238
2023-10-30,55.486
2023-10-31,50.42
2023-11-01,50.237
2023-11-02,51.215
2023-11-03,50.923
2023-11-06,47.409
2023-11-07,48.095
2023-11-08,47.877
2023-11-09,50.318
2023-11-10,48.919
2023-11-13,49.722
2023-11-14,49.899
2023-11-15,49.134
2023-11-16,47.972
2023-11-17,47.17
2023-11-20,47.566
2023-11-21,46.006
2023-11-22,46.129
2023-11-23,48.357
2023-11-24,48.31
2023-11-27,45.667
2023-11-28,44.348
2023-11-29,42.089
2023-11-30,42.965
2023-12-01,44.273
2023-12-04,41.023
2023-12-05,39.088
2023-12-06,40.224
2023-12-07,40.817
2023-12-08,39.469
2023-12-11,37.06
2023-12-12,35.676
2023-12-13,36.879
2023-12-14,35.782
2023-12-15,34.211
2023-12-18,36.423
2023-12-19,33.682
2023-12-20,34.451
2023-12-21,35.068
2023-12-22,35.32
2023-12-27,36.453
2023-12-28,33.99
2023-12-29,32.392
2024-01-02,31.045
2024-01-03,32.755
2024-01-04,33.843
2024-01-05,34.695
2024-01-08,32.052
2024-01-09,31.083
2024-01-10,31.285
2024-01-11,31.301
2024-01-12,31.301
2024-01-15,30.457
2024-01-16,30.238
2024-01-17,28.277
2024-01-18,28.7
2024-01-19,29.314
2024-01-22,28.43
2024-01-23,28.678
2024-01-24,30.073
2024-01-25,29.0
2024-01-26,29.298
2024-01-29,29.373
2024-01-30,30.48
2024-01-31,31.06
2024-02-01,30.117
2024-02-02,30.094
2024-02-05,29.137
2024-02-06,29.278
2024-02-07,28.825
2024-02-08,28.446
2024-02-09,27.812
2024-02-12,26.571
2024-02-13,26.211
2024-02-14,25.595
2024-02-15,25.641
2024-02-16,25.529
2024-02-19,24.405
2024-02-20,24.854
2024-02-21,24.598
2024-02-22,23.886
2024-02-23,23.59
2024-02-26,24.531
2024-02-27,24.955
2024-02-28,26.04
2024-02-29,25.33
2024-03-01,26.038
2024-03-04,27.211
2024-03-05,27.781
2024-03-06,26.948
2024-03-07,26.279
2024-03-08,26.658
2024-03-11,25.356
2024-03-12,25.212
2024-03-13,25.233
2024-03-14,26.38
2024-03-15,27.325
2024-03-18,29.137
2024-03-19,29.173
2024-03-20,27.984
2024-03-21,26.739
2024-03-22,27.946
2024-03-25,28.774
2024-03-26,27.807
2024-03-27,28.317
2024-03-28,28.071
2024-04-02,27.09
2024-04-03,26.431
2024-04-04,27.069
2024-04-05,27.549
2024-04-08,28.912
2024-04-09,28.39
2024-04-10,28.085
2024-04-11,30.395
2024-04-12,31.615
2024-04-15,31.876
2024-04-16,33.883
2024-04-17,31.879
2024-04-18,32.969
2024-04-19,31.424
2024-04-22,30.101
2024-04-23,29.216
2024-04-24,29.739
2024-04-25,30.4
2024-04-26,29.588
2024-04-29,28.679
2024-04-30,29.728
2024-05-02,31.443
2024-05-03,31.198
2024-05-06,32.31
2024-05-07,31.602
2024-05-08,31.291
2024-05-09,31.51
2024-05-10,30.692
2024-05-13,30.259
2024-05-14,30.485
2024-05-15,30.5
2024-05-16,30.992
2024-05-17,31.591
2024-05-20,32.579
2024-05-21,33.833
2024-05-22,35.22
2024-05-23,36.239
2024-05-24,34.929
2024-05-27,35.954
2024-05-28,34.452
2024-05-29,34.806
2024-05-30,35.786
2024-05-31,34.806
2024-06-03,36.368
2024-06-04,34.252
2024-06-05,33.743
2024-06-06,34.076
2024-06-07,33.485
2024-06-10,34.659
2024-06-11,34.745
2024-06-12,35.723
2024-06-13,36.216
2024-06-14,35.959
2024-06-17,34.768
2024-06-18,35.243
2024-06-19,35.89
2024-06-20,35.108
2024-06-21,34.551
2024-06-24,34.634
2024-06-25,35.452
2024-06-26,34.427
2024-06-27,38.898
2024-06-28,38.734
2024-07-01,38.165
2024-07-02,38.643
2024-07-03,37.829
2024-07-04,38.118
2024-07-05,37.896
2024-07-08,37.321
2024-07-09,36.355
2024-07-10,35.889
2024-07-11,36.309
2024-07-12,37.011
2024-07-15,36.388
2024-07-16,37.45
2024-07-17,36.641
2024-07-18,37.168
2024-07-19,36.882
2024-07-22,36.496
2024-07-23,36.392
2024-07-24,37.281
2024-07-25,36.655
2024-07-26,37.066
2024-07-29,38.216
2024-07-30,38.5
2024-07-31,39.113
2024-08-01,40.143
2024-08-02,39.929
2024-08-05,38.817
2024-08-06,39.592
2024-08-07,41.208
2024-08-08,42.769
2024-08-09,43.247
2024-08-12,42.761
2024-08-13,42.667
2024-08-14,42.25
2024-08-15,42.799
2024-08-16,42.947
2024-08-19,42.799
2024-08-20,40.868
2024-08-21,39.973
2024-08-22,39.54
2024-08-23,39.851
2024-08-26,40.554
2024-08-27,41.292
2024-08-28,41.229
2024-08-29,40.834
2024-08-30,41.583
