"Date","ttf","the","alpha","beta","Sigma","residuals"
"2018-10-01",27.443,27.4,NA,NA,NA,NA
"2018-10-02",27.257,27.341,NA,NA,NA,NA
"2018-10-03",27.114,27.233,NA,NA,NA,NA
"2018-10-04",27.471,27.584,NA,NA,NA,NA
"2018-10-05",27.902,28.17,NA,NA,NA,NA
"2018-10-08",27.218,27.219,NA,NA,NA,NA
"2018-10-09",26.835,26.955,NA,NA,NA,NA
"2018-10-10",26.22,26.316,NA,NA,NA,NA
"2018-10-11",25.759,25.863,NA,NA,NA,NA
"2018-10-12",26.628,26.698,NA,NA,NA,NA
"2018-10-15",26.625,26.756,NA,NA,NA,NA
"2018-10-16",26.328,26.33,NA,NA,NA,NA
"2018-10-17",25.942,26.001,NA,NA,NA,NA
"2018-10-18",26.025,26.145,NA,NA,NA,NA
"2018-10-19",26.858,26.966,NA,NA,NA,NA
"2018-10-22",26.114,26.277,NA,NA,NA,NA
"2018-10-23",25.667,25.794,NA,NA,NA,NA
"2018-10-24",25.261,25.452,NA,NA,NA,NA
"2018-10-25",24.866,25.047,NA,NA,NA,NA
"2018-10-26",24.281,24.573,NA,NA,NA,NA
"2018-10-29",24.578,24.949,NA,NA,NA,NA
"2018-10-30",23.873,24.4,NA,NA,NA,NA
"2018-10-31",24.333,24.544,NA,NA,NA,NA
"2018-11-01",23.649,23.839,NA,NA,NA,NA
"2018-11-02",24.283,24.432,NA,NA,NA,NA
"2018-11-05",23.808,23.971,NA,NA,NA,NA
"2018-11-06",23.896,24.167,NA,NA,NA,NA
"2018-11-07",24.42,24.363,NA,NA,NA,NA
"2018-11-08",24.429,24.559,NA,NA,NA,NA
"2018-11-09",24.326,24.423,NA,NA,NA,NA
"2018-11-12",25.955,26.029,NA,NA,NA,NA
"2018-11-13",26.519,26.595,NA,NA,NA,NA
"2018-11-14",26.278,26.427,NA,NA,NA,NA
"2018-11-15",26.677,26.764,NA,NA,NA,NA
"2018-11-16",25.956,26.058,NA,NA,NA,NA
"2018-11-19",24.152,24.302,NA,NA,NA,NA
"2018-11-20",24.352,24.546,NA,NA,NA,NA
"2018-11-21",24.5,24.65,NA,NA,NA,NA
"2018-11-22",24.71,24.954,NA,NA,NA,NA
"2018-11-23",24.819,25.013,NA,NA,NA,NA
"2018-11-26",24.543,24.875,NA,NA,NA,NA
"2018-11-27",25.159,25.543,NA,NA,NA,NA
"2018-11-28",24.302,24.619,NA,NA,NA,NA
"2018-11-29",24.633,25,NA,NA,NA,NA
"2018-11-30",24.691,24.798,NA,NA,NA,NA
"2018-12-03",25.083,25.236,NA,NA,NA,NA
"2018-12-04",24.417,24.555,NA,NA,NA,NA
"2018-12-05",23.822,23.973,NA,NA,NA,NA
"2018-12-06",23.166,23.385,NA,NA,NA,NA
"2018-12-07",23.143,23.379,NA,NA,NA,NA
"2018-12-10",23.25,23.373,NA,NA,NA,NA
"2018-12-11",23.621,23.741,NA,NA,NA,NA
"2018-12-12",23.92,24.1,NA,NA,NA,NA
"2018-12-13",24.226,24.415,NA,NA,NA,NA
"2018-12-14",24.646,24.747,NA,NA,NA,NA
"2018-12-17",24.681,24.882,NA,NA,NA,NA
"2018-12-18",23.732,23.908,NA,NA,NA,NA
"2018-12-19",24.21,24.296,NA,NA,NA,NA
"2018-12-20",24.605,24.611,NA,NA,NA,NA
"2018-12-21",24.9,24.861,NA,NA,NA,NA
"2018-12-24",24.247,24.644,NA,NA,NA,NA
"2018-12-25",23.938,24.2216666666667,NA,NA,NA,NA
"2018-12-26",23.629,23.7993333333333,NA,NA,NA,NA
"2018-12-27",23.32,23.377,NA,NA,NA,NA
"2018-12-28",22.81,22.83,NA,NA,NA,NA
"2018-12-31",21.982,22.4,NA,NA,NA,NA
"2019-01-01",22.2275,22.4955,NA,NA,NA,NA
"2019-01-02",22.473,22.591,NA,NA,NA,NA
"2019-01-03",22.256,22.369,NA,NA,NA,NA
"2019-01-04",22.93,23.137,NA,NA,NA,NA
"2019-01-07",21.531,21.646,NA,NA,NA,NA
"2019-01-08",22.092,22.318,NA,NA,NA,NA
"2019-01-09",21.719,21.997,NA,NA,NA,NA
"2019-01-10",21.674,22.019,NA,NA,NA,NA
"2019-01-11",22.255,22.592,NA,NA,NA,NA
"2019-01-14",21.675,21.98,NA,NA,NA,NA
"2019-01-15",21.999,22.308,NA,NA,NA,NA
"2019-01-16",22.005,22.32,NA,NA,NA,NA
"2019-01-17",22.994,23.27,NA,NA,NA,NA
"2019-01-18",22.604,22.968,NA,NA,NA,NA
"2019-01-21",21.774,22.086,NA,NA,NA,NA
"2019-01-22",21.813,22.233,NA,NA,NA,NA
"2019-01-23",22.191,22.606,NA,NA,NA,NA
"2019-01-24",21.279,21.771,NA,NA,NA,NA
"2019-01-25",20.889,21.421,NA,NA,NA,NA
"2019-01-28",20.552,21.105,NA,NA,NA,NA
"2019-01-29",20.586,21.135,NA,NA,NA,NA
"2019-01-30",20.181,20.783,NA,NA,NA,NA
"2019-01-31",19.852,20.431,NA,NA,NA,NA
"2019-02-01",19.299,19.949,NA,NA,NA,NA
"2019-02-04",19.355,20.008,NA,NA,NA,NA
"2019-02-05",19.138,19.836,NA,NA,NA,NA
"2019-02-06",18.916,19.496,NA,NA,NA,NA
"2019-02-07",18.912,19.582,NA,NA,NA,NA
"2019-02-08",18.264,18.826,NA,NA,NA,NA
"2019-02-11",18.053,18.634,NA,NA,NA,NA
"2019-02-12",17.785,18.354,NA,NA,NA,NA
"2019-02-13",18.022,18.546,NA,NA,NA,NA
"2019-02-14",17.755,18.262,NA,NA,NA,NA
"2019-02-15",18.1,18.673,NA,NA,NA,NA
"2019-02-18",17.429,18.148,NA,NA,NA,NA
"2019-02-19",17.703,18.367,NA,NA,NA,NA
"2019-02-20",18.144,18.824,NA,NA,NA,NA
"2019-02-21",17.521,18.193,NA,NA,NA,NA
"2019-02-22",17.231,17.851,NA,NA,NA,NA
"2019-02-25",16.946,17.636,NA,NA,NA,NA
"2019-02-26",17.044,17.74,NA,NA,NA,NA
"2019-02-27",17.617,18.34,NA,NA,NA,NA
"2019-02-28",17.814,18.456,NA,NA,NA,NA
"2019-03-01",17.321,17.989,NA,NA,NA,NA
"2019-03-04",17.4,18.085,NA,NA,NA,NA
"2019-03-05",17.181,17.811,NA,NA,NA,NA
"2019-03-06",16.851,17.558,NA,NA,NA,NA
"2019-03-07",16.868,17.477,NA,NA,NA,NA
"2019-03-08",16.729,17.397,NA,NA,NA,NA
"2019-03-11",16.623,17.257,NA,NA,NA,NA
"2019-03-12",16.209,16.745,NA,NA,NA,NA
"2019-03-13",15.725,16.336,NA,NA,NA,NA
"2019-03-14",15.603,16.222,NA,NA,NA,NA
"2019-03-15",15.252,15.869,NA,NA,NA,NA
"2019-03-18",14.98,15.538,NA,NA,NA,NA
"2019-03-19",15.003,15.539,NA,NA,NA,NA
"2019-03-20",15.213,15.762,NA,NA,NA,NA
"2019-03-21",14.563,15.245,NA,NA,NA,NA
"2019-03-22",14.454,15.103,NA,NA,NA,NA
"2019-03-25",14.185,14.801,NA,NA,NA,NA
"2019-03-26",14.384,15.017,NA,NA,NA,NA
"2019-03-27",14.994,15.587,NA,NA,NA,NA
"2019-03-28",14.428,15.05,NA,NA,NA,NA
"2019-03-29",14.213,14.901,NA,NA,NA,NA
"2019-04-01",13.844,14.535,NA,NA,NA,NA
"2019-04-02",13.457,14.092,NA,NA,NA,NA
"2019-04-03",14.189,14.982,NA,NA,NA,NA
"2019-04-04",14.807,15.592,NA,NA,NA,NA
"2019-04-05",16.633,17.284,NA,NA,NA,NA
"2019-04-08",15.964,16.675,NA,NA,NA,NA
"2019-04-09",16.757,17.3,NA,NA,NA,NA
"2019-04-10",15.73,16.4,NA,NA,NA,NA
"2019-04-11",15.995,16.689,NA,NA,NA,NA
"2019-04-12",15.853,16.575,NA,NA,NA,NA
"2019-04-15",15.012,15.757,NA,NA,NA,NA
"2019-04-16",14.836,15.587,NA,NA,NA,NA
"2019-04-17",15.195,15.94,NA,NA,NA,NA
"2019-04-18",14.462,15.18,NA,NA,NA,NA
"2019-04-19",14.4486666666667,15.1746666666667,NA,NA,NA,NA
"2019-04-22",14.4353333333333,15.1693333333333,NA,NA,NA,NA
"2019-04-23",14.422,15.164,NA,NA,NA,NA
"2019-04-24",14.264,15.017,NA,NA,NA,NA
"2019-04-25",14.535,15.259,NA,NA,NA,NA
"2019-04-26",14.423,15.173,NA,NA,NA,NA
"2019-04-29",14.525,15.36,NA,NA,NA,NA
"2019-04-30",14.389,15.136,NA,NA,NA,NA
"2019-05-01",14.056,15.134,NA,NA,NA,NA
"2019-05-02",14.366,15.132,NA,NA,NA,NA
"2019-05-03",14.566,15.301,NA,NA,NA,NA
"2019-05-06",14.335,15.109,NA,NA,NA,NA
"2019-05-07",14.155,14.917,NA,NA,NA,NA
"2019-05-08",14.322,15.033,NA,NA,NA,NA
"2019-05-09",14.457,15.213,NA,NA,NA,NA
"2019-05-10",13.997,14.751,NA,NA,NA,NA
"2019-05-13",13.761,14.525,NA,NA,NA,NA
"2019-05-14",13.783,14.534,NA,NA,NA,NA
"2019-05-15",13.856,14.596,NA,NA,NA,NA
"2019-05-16",13.385,14.111,NA,NA,NA,NA
"2019-05-17",12.856,13.612,NA,NA,NA,NA
"2019-05-20",12.903,13.59,NA,NA,NA,NA
"2019-05-21",12.705,13.452,NA,NA,NA,NA
"2019-05-22",12.649,13.404,NA,NA,NA,NA
"2019-05-23",12.595,13.328,NA,NA,NA,NA
"2019-05-24",12.249,13.004,NA,NA,NA,NA
"2019-05-27",12.162,13.144,NA,NA,NA,NA
"2019-05-28",12.518,13.284,NA,NA,NA,NA
"2019-05-29",12.223,12.927,NA,NA,NA,NA
"2019-05-30",11.476,12.6,NA,NA,NA,NA
"2019-05-31",11.205,11.837,NA,NA,NA,NA
"2019-06-03",11.1,11.578,NA,NA,NA,NA
"2019-06-04",11.91,12.359,NA,NA,NA,NA
"2019-06-05",11.601,12.055,NA,NA,NA,NA
"2019-06-06",11.103,11.522,NA,NA,NA,NA
"2019-06-07",11.52,11.932,NA,NA,NA,NA
"2019-06-10",11.804,12.157,NA,NA,NA,NA
"2019-06-11",11.202,11.596,NA,NA,NA,NA
"2019-06-12",11.142,11.494,NA,NA,NA,NA
"2019-06-13",11.395,11.64,NA,NA,NA,NA
"2019-06-14",11.319,11.535,NA,NA,NA,NA
"2019-06-17",11.572,11.819,NA,NA,NA,NA
"2019-06-18",11.034,11.327,NA,NA,NA,NA
"2019-06-19",10.484,10.772,NA,NA,NA,NA
"2019-06-20",10.148,10.423,NA,NA,NA,NA
"2019-06-21",10.355,10.522,NA,NA,NA,NA
"2019-06-24",10.198,10.606,NA,NA,NA,NA
"2019-06-25",9.847,10.125,NA,NA,NA,NA
"2019-06-26",9.62,10.091,NA,NA,NA,NA
"2019-06-27",9.376,9.824,NA,NA,NA,NA
"2019-06-28",10.117,10.607,NA,NA,NA,NA
"2019-07-01",10.365,10.732,NA,NA,NA,NA
"2019-07-02",10.227,10.7906666666667,NA,NA,NA,NA
"2019-07-03",10.294,10.8493333333333,NA,NA,NA,NA
"2019-07-04",10.546,10.908,NA,NA,NA,NA
"2019-07-05",11.216,11.45,NA,NA,NA,NA
"2019-07-08",11.878,12.259,NA,NA,NA,NA
"2019-07-09",11.758,12.145,NA,NA,NA,NA
"2019-07-10",12.133,12.436,NA,NA,NA,NA
"2019-07-11",13.129,13.268,NA,NA,NA,NA
"2019-07-12",13.278,13.54,NA,NA,NA,NA
"2019-07-15",12.893,13.206,NA,NA,NA,NA
"2019-07-16",11.415,11.679,NA,NA,NA,NA
"2019-07-17",10.988,11.343,NA,NA,NA,NA
"2019-07-18",10.736,10.99,NA,NA,NA,NA
"2019-07-19",10.813,11.117,NA,NA,NA,NA
"2019-07-22",10.16,10.489,NA,NA,NA,NA
"2019-07-23",10.749,11.04,NA,NA,NA,NA
"2019-07-24",10.073,10.391,NA,NA,NA,NA
"2019-07-25",10.023,10.428,NA,NA,NA,NA
"2019-07-26",9.964,10.223,NA,NA,NA,NA
"2019-07-29",9.811,10.071,NA,NA,NA,NA
"2019-07-30",9.791,10.09,NA,NA,NA,NA
"2019-07-31",10.998,11.37,NA,NA,NA,NA
"2019-08-01",12.361,12.668,NA,NA,NA,NA
"2019-08-02",12.013,12.225,NA,NA,NA,NA
"2019-08-05",11.465,11.751,NA,NA,NA,NA
"2019-08-06",10.952,11.22,NA,NA,NA,NA
"2019-08-07",11.412,11.753,NA,NA,NA,NA
"2019-08-08",12.075,12.21,NA,NA,NA,NA
"2019-08-09",12.024,12.202,NA,NA,NA,NA
"2019-08-12",11.42,11.664,NA,NA,NA,NA
"2019-08-13",11.859,12.138,NA,NA,NA,NA
"2019-08-14",11.18,11.449,NA,NA,NA,NA
"2019-08-15",11.223,11.395,NA,NA,NA,NA
"2019-08-16",10.955,11.144,NA,NA,NA,NA
"2019-08-19",10.786,10.992,NA,NA,NA,NA
"2019-08-20",11.217,11.363,NA,NA,NA,NA
"2019-08-21",11.414,11.602,NA,NA,NA,NA
"2019-08-22",10.991,11.166,NA,NA,NA,NA
"2019-08-23",10.583,10.775,NA,NA,NA,NA
"2019-08-26",10.313,10.5005,NA,NA,NA,NA
"2019-08-27",10.07,10.226,NA,NA,NA,NA
"2019-08-28",10.236,10.372,NA,NA,NA,NA
"2019-08-29",10.716,10.86,NA,NA,NA,NA
"2019-08-30",12.797,13.206,NA,NA,NA,NA
"2019-09-02",11.848,12.262,NA,NA,NA,NA
"2019-09-03",12.098,12.48,NA,NA,NA,NA
"2019-09-04",11.958,12.526,NA,NA,NA,NA
"2019-09-05",12.236,12.572,NA,NA,NA,NA
"2019-09-06",12.351,12.667,NA,NA,NA,NA
"2019-09-09",12.236,12.466,NA,NA,NA,NA
"2019-09-10",14.404,14.605,NA,NA,NA,NA
"2019-09-11",14.355,14.771,NA,NA,NA,NA
"2019-09-12",14.463,14.732,NA,NA,NA,NA
"2019-09-13",14.711,15.107,NA,NA,NA,NA
"2019-09-16",15.334,15.546,NA,NA,NA,NA
"2019-09-17",13.441,13.77,NA,NA,NA,NA
"2019-09-18",12.434,12.681,NA,NA,NA,NA
"2019-09-19",12.255,12.969,NA,NA,NA,NA
"2019-09-20",12.711,12.96,NA,NA,NA,NA
"2019-09-23",12.243,12.478,NA,NA,NA,NA
"2019-09-24",12.339,12.759,NA,NA,NA,NA
"2019-09-25",11.949,12.282,NA,NA,NA,NA
"2019-09-26",12.044,12.357,NA,NA,NA,NA
"2019-09-27",11.939,12.09,NA,NA,NA,NA
"2019-09-30",16.392,16.837,NA,NA,NA,NA
"2019-10-01",16.762,17.1,NA,NA,NA,NA
"2019-10-02",16.004,16.244,NA,NA,NA,NA
"2019-10-03",16.008,16.277,NA,NA,NA,NA
"2019-10-04",15.769,16.089,NA,NA,NA,NA
"2019-10-07",15.507,15.823,NA,NA,NA,NA
"2019-10-08",15.64,15.89,NA,NA,NA,NA
"2019-10-09",15.573,15.854,NA,NA,NA,NA
"2019-10-10",15.85,16.078,NA,NA,NA,NA
"2019-10-11",16.136,16.384,NA,NA,NA,NA
"2019-10-14",16.04,16.271,NA,NA,NA,NA
"2019-10-15",16.065,16.293,NA,NA,NA,NA
"2019-10-16",16.073,16.307,NA,NA,NA,NA
"2019-10-17",16.027,16.206,NA,NA,NA,NA
"2019-10-18",15.967,16.207,NA,NA,NA,NA
"2019-10-21",15.61,15.856,NA,NA,NA,NA
"2019-10-22",15.596,15.855,NA,NA,NA,NA
"2019-10-23",15.415,15.669,NA,NA,NA,NA
"2019-10-24",15.656,15.872,NA,NA,NA,NA
"2019-10-25",15.235,15.475,NA,NA,NA,NA
"2019-10-28",14.391,14.617,NA,NA,NA,NA
"2019-10-29",13.833,14.109,NA,NA,NA,NA
"2019-10-30",13.779,14.06,NA,NA,NA,NA
"2019-10-31",16.133,16.457,NA,NA,NA,NA
"2019-11-01",16.177,16.567,NA,NA,NA,NA
"2019-11-04",16.478,16.85,NA,NA,NA,NA
"2019-11-05",16.789,17.121,NA,NA,NA,NA
"2019-11-06",16.281,16.82,NA,NA,NA,NA
"2019-11-07",16.118,16.519,NA,NA,NA,NA
"2019-11-08",15.942,16.218,NA,NA,NA,NA
"2019-11-11",15.845,16.165,NA,NA,NA,NA
"2019-11-12",15.546,15.852,NA,NA,NA,NA
"2019-11-13",15.451,15.749,NA,NA,NA,NA
"2019-11-14",15.669,15.942,NA,NA,NA,NA
"2019-11-15",15.713,16.064,NA,NA,NA,NA
"2019-11-18",15.229,15.609,NA,NA,NA,NA
"2019-11-19",15.292,15.689,NA,NA,NA,NA
"2019-11-20",15.588,15.941,NA,NA,NA,NA
"2019-11-21",15.624,16.004,NA,NA,NA,NA
"2019-11-22",16.048,16.457,NA,NA,NA,NA
"2019-11-25",16.237,16.668,NA,NA,NA,NA
"2019-11-26",15.849,16.222,NA,NA,NA,NA
"2019-11-27",15.98,16.383,NA,NA,NA,NA
"2019-11-28",15.649,16.06,NA,NA,NA,NA
"2019-11-29",16.33,16.784,NA,NA,NA,NA
"2019-12-02",15.81,16.294,NA,NA,NA,NA
"2019-12-03",15.771,16.25,NA,NA,NA,NA
"2019-12-04",15.882,16.365,NA,NA,NA,NA
"2019-12-05",15.415,15.927,NA,NA,NA,NA
"2019-12-06",15.141,15.662,NA,NA,NA,NA
"2019-12-09",14.888,15.34,NA,NA,NA,NA
"2019-12-10",14.532,15.006,NA,NA,NA,NA
"2019-12-11",14.047,14.547,NA,NA,NA,NA
"2019-12-12",14.768,15.185,NA,NA,NA,NA
"2019-12-13",13.804,14.11,NA,NA,NA,NA
"2019-12-16",13.89,14.213,NA,NA,NA,NA
"2019-12-17",14.461,14.757,NA,NA,NA,NA
"2019-12-18",14.951,15.123,NA,NA,NA,NA
"2019-12-19",15.007,15.227,NA,NA,NA,NA
"2019-12-20",14.235,14.467,NA,NA,NA,NA
"2019-12-23",13.027,13.387,NA,NA,NA,NA
"2019-12-24",12.607,13.03,NA,NA,NA,NA
"2019-12-25",12.6603333333333,13.0276666666667,NA,NA,NA,NA
"2019-12-26",12.7136666666667,13.0253333333333,NA,NA,NA,NA
"2019-12-27",12.767,13.023,NA,NA,NA,NA
"2019-12-30",12.293,12.72,NA,NA,NA,NA
"2019-12-31",12.051,12.575,NA,NA,NA,NA
"2020-01-01",12.062,12.4965,NA,NA,NA,NA
"2020-01-02",12.073,12.418,NA,NA,NA,NA
"2020-01-03",12.985,13.283,NA,NA,NA,NA
"2020-01-06",12.28,12.655,NA,NA,NA,NA
"2020-01-07",11.929,12.235,NA,NA,NA,NA
"2020-01-08",11.964,12.468,NA,NA,NA,NA
"2020-01-09",12.179,12.61,NA,NA,NA,NA
"2020-01-10",11.94,12.408,NA,NA,NA,NA
"2020-01-13",12.054,12.511,NA,NA,NA,NA
"2020-01-14",11.303,11.813,NA,NA,NA,NA
"2020-01-15",11.179,11.678,NA,NA,NA,NA
"2020-01-16",11.117,11.617,NA,NA,NA,NA
"2020-01-17",10.929,11.472,NA,NA,NA,NA
"2020-01-20",10.566,11.03,NA,NA,NA,NA
"2020-01-21",10.777,11.311,NA,NA,NA,NA
"2020-01-22",10.455,10.973,NA,NA,NA,NA
"2020-01-23",10.428,10.89,NA,NA,NA,NA
"2020-01-24",10.455,10.924,NA,NA,NA,NA
"2020-01-27",10.526,10.971,NA,NA,NA,NA
"2020-01-28",10.792,11.232,NA,NA,NA,NA
"2020-01-29",10.15,10.68,NA,NA,NA,NA
"2020-01-30",9.781,10.27,NA,NA,NA,NA
"2020-01-31",9.755,10.293,NA,NA,NA,NA
"2020-02-03",9.211,9.755,NA,NA,NA,NA
"2020-02-04",9.366,9.909,NA,NA,NA,NA
"2020-02-05",9.313,9.769,NA,NA,NA,NA
"2020-02-06",9.149,9.679,NA,NA,NA,NA
"2020-02-07",9.068,9.609,NA,NA,NA,NA
"2020-02-10",8.643,9.193,NA,NA,NA,NA
"2020-02-11",8.557,9.133,NA,NA,NA,NA
"2020-02-12",8.722,9.287,NA,NA,NA,NA
"2020-02-13",8.889,9.379,NA,NA,NA,NA
"2020-02-14",8.879,9.372,NA,NA,NA,NA
"2020-02-17",9.312,9.8,NA,NA,NA,NA
"2020-02-18",9.38,9.853,NA,NA,NA,NA
"2020-02-19",9.572,10.117,NA,NA,NA,NA
"2020-02-20",9.567,10.136,NA,NA,NA,NA
"2020-02-21",9.41,9.925,NA,NA,NA,NA
"2020-02-24",9.044,9.564,NA,NA,NA,NA
"2020-02-25",9.007,9.609,NA,NA,NA,NA
"2020-02-26",9.071,9.778,NA,NA,NA,NA
"2020-02-27",8.871,9.51,NA,NA,NA,NA
"2020-02-28",8.874,9.472,NA,NA,NA,NA
"2020-03-02",8.887,9.427,NA,NA,NA,NA
"2020-03-03",9.169,9.73,NA,NA,NA,NA
"2020-03-04",8.912,9.423,NA,NA,NA,NA
"2020-03-05",8.849,9.451,NA,NA,NA,NA
"2020-03-06",8.647,9.117,NA,NA,NA,NA
"2020-03-09",8.627,9.147,NA,NA,NA,NA
"2020-03-10",8.993,9.512,NA,NA,NA,NA
"2020-03-11",9.369,9.75,NA,NA,NA,NA
"2020-03-12",9.324,9.688,NA,NA,NA,NA
"2020-03-13",9.285,9.589,NA,NA,NA,NA
"2020-03-16",8.741,8.975,NA,NA,NA,NA
"2020-03-17",8.47,8.661,NA,NA,NA,NA
"2020-03-18",8.265,8.46,NA,NA,NA,NA
"2020-03-19",8.544,8.72,NA,NA,NA,NA
"2020-03-20",8.293,8.561,NA,NA,NA,NA
"2020-03-23",7.849,8.114,NA,NA,NA,NA
"2020-03-24",7.908,8.218,NA,NA,NA,NA
"2020-03-25",7.744,7.974,NA,NA,NA,NA
"2020-03-26",7.575,7.941,NA,NA,NA,NA
"2020-03-27",7.218,7.56,NA,NA,NA,NA
"2020-03-30",6.897,7.27,NA,NA,NA,NA
"2020-03-31",6.902,7.372,NA,NA,NA,NA
"2020-04-01",6.824,7.294,NA,NA,NA,NA
"2020-04-02",6.935,7.428,NA,NA,NA,NA
"2020-04-03",6.922,7.379,NA,NA,NA,NA
"2020-04-06",7.287,7.779,NA,NA,NA,NA
"2020-04-07",7.283,7.752,NA,NA,NA,NA
"2020-04-08",7.259,7.648,NA,NA,NA,NA
"2020-04-09",7.279,7.645,NA,NA,NA,NA
"2020-04-10",7.144,7.60933333333333,NA,NA,NA,NA
"2020-04-13",7.009,7.57366666666667,NA,NA,NA,NA
"2020-04-14",6.874,7.538,NA,NA,NA,NA
"2020-04-15",6.649,7.112,NA,NA,NA,NA
"2020-04-16",6.907,7.403,NA,NA,NA,NA
"2020-04-17",6.994,7.468,NA,NA,NA,NA
"2020-04-20",6.618,7.074,NA,NA,NA,NA
"2020-04-21",6.315,6.781,NA,NA,NA,NA
"2020-04-22",6.226,6.678,NA,NA,NA,NA
"2020-04-23",6.057,6.51,NA,NA,NA,NA
"2020-04-24",5.77,6.17,NA,NA,NA,NA
"2020-04-27",5.941,6.297,NA,NA,NA,NA
"2020-04-28",6.147,6.549,NA,NA,NA,NA
"2020-04-29",6.014,6.44,NA,NA,NA,NA
"2020-04-30",6.221,6.562,NA,NA,NA,NA
"2020-05-01",5.843,6.3325,NA,NA,NA,NA
"2020-05-04",5.74,6.103,NA,NA,NA,NA
"2020-05-05",5.674,6.062,NA,NA,NA,NA
"2020-05-06",5.763,6.15,NA,NA,NA,NA
"2020-05-07",5.847,6.243,NA,NA,NA,NA
"2020-05-08",5.831,6.228,NA,NA,NA,NA
"2020-05-11",5.707,6.1,NA,NA,NA,NA
"2020-05-12",5.313,5.712,NA,NA,NA,NA
"2020-05-13",5.119,5.51,NA,NA,NA,NA
"2020-05-14",5.265,5.652,NA,NA,NA,NA
"2020-05-15",5.218,5.604,NA,NA,NA,NA
"2020-05-18",4.922,5.332,NA,NA,NA,NA
"2020-05-19",4.612,4.942,NA,NA,NA,NA
"2020-05-20",4.462,4.756,NA,NA,NA,NA
"2020-05-21",3.824,4.054,NA,NA,NA,NA
"2020-05-22",3.889,4.265,NA,NA,NA,NA
"2020-05-25",4.794,5.043,NA,NA,NA,NA
"2020-05-26",4.123,4.402,NA,NA,NA,NA
"2020-05-27",3.695,3.941,NA,NA,NA,NA
"2020-05-28",3.509,3.83,NA,NA,NA,NA
"2020-05-29",4.385,4.679,NA,NA,NA,NA
"2020-06-01",4.053,4.94166666666667,NA,NA,NA,NA
"2020-06-02",4.852,5.20433333333333,NA,NA,NA,NA
"2020-06-03",5.331,5.467,NA,NA,NA,NA
"2020-06-04",5.392,5.548,NA,NA,NA,NA
"2020-06-05",5.708,5.77,NA,NA,NA,NA
"2020-06-08",5.249,5.361,NA,NA,NA,NA
"2020-06-09",4.806,4.924,NA,NA,NA,NA
"2020-06-10",4.802,4.864,NA,NA,NA,NA
"2020-06-11",4.988,5.055,NA,NA,NA,NA
"2020-06-12",5.273,5.36,NA,NA,NA,NA
"2020-06-15",5.516,5.596,NA,NA,NA,NA
"2020-06-16",5.261,5.315,NA,NA,NA,NA
"2020-06-17",5.209,5.232,NA,NA,NA,NA
"2020-06-18",5.451,5.51,NA,NA,NA,NA
"2020-06-19",5.615,5.698,NA,NA,NA,NA
"2020-06-22",5.495,5.583,NA,NA,NA,NA
"2020-06-23",5.829,5.918,NA,NA,NA,NA
"2020-06-24",5.663,5.743,NA,NA,NA,NA
"2020-06-25",5.256,5.383,NA,NA,NA,NA
"2020-06-26",5.105,5.235,NA,NA,NA,NA
"2020-06-29",5.839,5.9,NA,NA,NA,NA
"2020-06-30",6.163,6.219,NA,NA,NA,NA
"2020-07-01",5.863,5.937,NA,NA,NA,NA
"2020-07-02",5.944,6.0115,NA,NA,NA,NA
"2020-07-03",6.031,6.086,NA,NA,NA,NA
"2020-07-06",6.096,6.118,NA,NA,NA,NA
"2020-07-07",6.124,6.234,NA,NA,NA,NA
"2020-07-08",5.937,5.967,NA,NA,NA,NA
"2020-07-09",5.757,5.808,NA,NA,NA,NA
"2020-07-10",5.475,5.526,NA,NA,NA,NA
"2020-07-13",5.11,5.16,NA,NA,NA,NA
"2020-07-14",5.085,5.116,NA,NA,NA,NA
"2020-07-15",5.226,5.275,NA,NA,NA,NA
"2020-07-16",5.058,5.172,NA,NA,NA,NA
"2020-07-17",5.114,5.175,NA,NA,NA,NA
"2020-07-20",4.732,4.793,NA,NA,NA,NA
"2020-07-21",4.792,4.892,NA,NA,NA,NA
"2020-07-22",4.829,4.899,NA,NA,NA,NA
"2020-07-23",4.984,5.136,NA,NA,NA,NA
"2020-07-24",5.011,5.107,NA,NA,NA,NA
"2020-07-27",4.787,4.862,NA,NA,NA,NA
"2020-07-28",4.958,5.095,NA,NA,NA,NA
"2020-07-29",5.177,5.302,NA,NA,NA,NA
"2020-07-30",5.223,5.353,NA,NA,NA,NA
"2020-07-31",6.023,6.253,NA,NA,NA,NA
"2020-08-03",6.802,7.017,NA,NA,NA,NA
"2020-08-04",7.355,7.528,NA,NA,NA,NA
"2020-08-05",7.32,7.433,NA,NA,NA,NA
"2020-08-06",7.94,8.004,NA,NA,NA,NA
"2020-08-07",7.931,8.064,NA,NA,NA,NA
"2020-08-10",7.589,7.655,NA,NA,NA,NA
"2020-08-11",7.416,7.494,NA,NA,NA,NA
"2020-08-12",7.172,7.307,NA,NA,NA,NA
"2020-08-13",7.312,7.385,NA,NA,NA,NA
"2020-08-14",8.019,8.118,NA,NA,NA,NA
"2020-08-17",8.181,8.254,NA,NA,NA,NA
"2020-08-18",8.549,8.568,NA,NA,NA,NA
"2020-08-19",8.353,8.361,NA,NA,NA,NA
"2020-08-20",8.15,8.053,NA,NA,NA,NA
"2020-08-21",7.622,7.506,NA,NA,NA,NA
"2020-08-24",8.361,8.241,NA,NA,NA,NA
"2020-08-25",8.867,8.736,NA,NA,NA,NA
"2020-08-26",9.149,9.055,NA,NA,NA,NA
"2020-08-27",8.872,8.747,NA,NA,NA,NA
"2020-08-28",11.169,9.56,NA,NA,NA,NA
"2020-08-31",11.239,11.369,NA,NA,NA,NA
"2020-09-01",11.297,11.328,NA,NA,NA,NA
"2020-09-02",11.11,11.1,NA,NA,NA,NA
"2020-09-03",11.733,11.706,NA,NA,NA,NA
"2020-09-04",11.682,11.682,NA,NA,NA,NA
"2020-09-07",11.232,11.195,NA,NA,NA,NA
"2020-09-08",10.802,10.704,NA,NA,NA,NA
"2020-09-09",10.734,10.655,NA,NA,NA,NA
"2020-09-10",10.516,10.414,NA,NA,NA,NA
"2020-09-11",10.497,10.384,NA,NA,NA,NA
"2020-09-14",10.707,10.616,NA,NA,NA,NA
"2020-09-15",10.896,10.714,NA,NA,NA,NA
"2020-09-16",11.318,11.129,NA,NA,NA,NA
"2020-09-17",11.121,10.902,NA,NA,NA,NA
"2020-09-18",11.475,11.34,NA,NA,NA,NA
"2020-09-21",11.497,11.21,NA,NA,NA,NA
"2020-09-22",11.704,11.466,NA,NA,NA,NA
"2020-09-23",12.019,11.852,NA,NA,NA,NA
"2020-09-24",11.634,11.416,NA,NA,NA,NA
"2020-09-25",11.666,11.384,NA,NA,NA,NA
"2020-09-28",12.352,12.247,NA,NA,NA,NA
"2020-09-29",12.28,12.05,NA,NA,NA,NA
"2020-09-30",13.286,13.547,NA,NA,NA,NA
"2020-10-01",13.181,13.456,NA,NA,NA,NA
"2020-10-02",13.026,13.301,NA,NA,NA,NA
"2020-10-05",13.419,13.604,NA,NA,NA,NA
"2020-10-06",13.307,13.392,NA,NA,NA,NA
"2020-10-07",13.709,13.726,NA,NA,NA,NA
"2020-10-08",13.9,13.757,NA,NA,NA,NA
"2020-10-09",13.753,13.729,NA,NA,NA,NA
"2020-10-12",13.838,13.827,NA,NA,NA,NA
"2020-10-13",13.596,13.609,NA,NA,NA,NA
"2020-10-14",13.872,13.853,NA,NA,NA,NA
"2020-10-15",14.239,14.24,NA,NA,NA,NA
"2020-10-16",14.499,14.519,NA,NA,NA,NA
"2020-10-19",14.718,14.695,NA,NA,NA,NA
"2020-10-20",14.895,14.889,NA,NA,NA,NA
"2020-10-21",14.867,14.775,NA,NA,NA,NA
"2020-10-22",15.257,15.069,NA,NA,NA,NA
"2020-10-23",15.41,15.186,NA,NA,NA,NA
"2020-10-26",14.866,14.651,NA,NA,NA,NA
"2020-10-27",14.743,14.475,NA,NA,NA,NA
"2020-10-28",14.487,14.207,NA,NA,NA,NA
"2020-10-29",14.216,13.97,NA,NA,NA,NA
"2020-10-30",14.061,13.909,NA,NA,NA,NA
"2020-11-02",13.656,13.494,NA,NA,NA,NA
"2020-11-03",13.665,13.482,NA,NA,NA,NA
"2020-11-04",13.883,13.704,NA,NA,NA,NA
"2020-11-05",14.456,14.29,NA,NA,NA,NA
"2020-11-06",13.902,13.749,NA,NA,NA,NA
"2020-11-09",13.854,13.634,NA,NA,NA,NA
"2020-11-10",14.035,13.845,NA,NA,NA,NA
"2020-11-11",14.096,13.92,NA,NA,NA,NA
"2020-11-12",14.001,13.881,NA,NA,NA,NA
"2020-11-13",14.239,14.048,NA,NA,NA,NA
"2020-11-16",14.494,14.25,NA,NA,NA,NA
"2020-11-17",13.968,13.725,NA,NA,NA,NA
"2020-11-18",13.682,13.482,NA,NA,NA,NA
"2020-11-19",13.022,12.878,NA,NA,NA,NA
"2020-11-20",12.894,12.792,NA,NA,NA,NA
"2020-11-23",13.537,13.38,NA,NA,NA,NA
"2020-11-24",13.902,13.785,NA,NA,NA,NA
"2020-11-25",13.932,13.752,NA,NA,NA,NA
"2020-11-26",13.914,13.766,NA,NA,NA,NA
"2020-11-27",14.485,14.34,NA,NA,NA,NA
"2020-11-30",15.138,15.08,NA,NA,NA,NA
"2020-12-01",14.912,14.828,NA,NA,NA,NA
"2020-12-02",14.905,14.744,NA,NA,NA,NA
"2020-12-03",14.143,13.921,NA,NA,NA,NA
"2020-12-04",14.643,14.435,NA,NA,NA,NA
"2020-12-07",14.357,14.088,NA,NA,NA,NA
"2020-12-08",14.447,14.277,NA,NA,NA,NA
"2020-12-09",14.733,14.582,NA,NA,NA,NA
"2020-12-10",15.539,15.369,NA,NA,NA,NA
"2020-12-11",15.959,15.662,NA,NA,NA,NA
"2020-12-14",16.607,16.427,NA,NA,NA,NA
"2020-12-15",17.225,16.918,NA,NA,NA,NA
"2020-12-16",16.381,16.024,NA,NA,NA,NA
"2020-12-17",15.941,15.477,NA,NA,NA,NA
"2020-12-18",15.886,15.501,NA,NA,NA,NA
"2020-12-21",16.795,16.398,NA,NA,NA,NA
"2020-12-22",17.636,17.149,NA,NA,NA,NA
"2020-12-23",17.507,17.055,NA,NA,NA,NA
"2020-12-24",17.649,17.026,NA,NA,NA,NA
"2020-12-25",18.4005,17.83,NA,NA,NA,NA
"2020-12-28",19.152,18.634,NA,NA,NA,NA
"2020-12-29",18.774,18.336,NA,NA,NA,NA
"2020-12-30",19.001,18.46,NA,NA,NA,NA
"2020-12-31",19.123,18.676,NA,NA,NA,NA
"2021-01-01",19.4835,19.002,NA,NA,NA,NA
"2021-01-04",19.844,19.328,NA,NA,NA,NA
"2021-01-05",18.007,17.48,NA,NA,NA,NA
"2021-01-06",17.564,17.087,NA,NA,NA,NA
"2021-01-07",19.303,18.715,NA,NA,NA,NA
"2021-01-08",20.118,19.575,NA,NA,NA,NA
"2021-01-11",22.124,21.43,NA,NA,NA,NA
"2021-01-12",26.155,25.459,NA,NA,NA,NA
"2021-01-13",21.5,20.838,NA,NA,NA,NA
"2021-01-14",21.333,20.499,NA,NA,NA,NA
"2021-01-15",20.2,19.566,NA,NA,NA,NA
"2021-01-18",19.026,18.559,NA,NA,NA,NA
"2021-01-19",20.327,19.781,NA,NA,NA,NA
"2021-01-20",20.26,19.804,NA,NA,NA,NA
"2021-01-21",20.063,19.365,NA,NA,NA,NA
"2021-01-22",21.483,20.697,NA,NA,NA,NA
"2021-01-25",20.162,19.401,NA,NA,NA,NA
"2021-01-26",19.509,18.799,NA,NA,NA,NA
"2021-01-27",19.701,19.064,NA,NA,NA,NA
"2021-01-28",20.908,20.04,NA,NA,NA,NA
"2021-01-29",19.819,19.346,NA,NA,NA,NA
"2021-02-01",18.139,17.65,NA,NA,NA,NA
"2021-02-02",18.251,17.93,NA,NA,NA,NA
"2021-02-03",17.854,17.577,NA,NA,NA,NA
"2021-02-04",18.12,17.89,NA,NA,NA,NA
"2021-02-05",18.38,18.128,NA,NA,NA,NA
"2021-02-08",20.179,19.986,NA,NA,NA,NA
"2021-02-09",19.045,19.015,NA,NA,NA,NA
"2021-02-10",18.558,18.587,NA,NA,NA,NA
"2021-02-11",17.373,17.291,NA,NA,NA,NA
"2021-02-12",17.618,17.748,NA,NA,NA,NA
"2021-02-15",16.54,16.811,NA,NA,NA,NA
"2021-02-16",16.715,16.961,NA,NA,NA,NA
"2021-02-17",16.54,16.766,NA,NA,NA,NA
"2021-02-18",17.329,17.265,NA,NA,NA,NA
"2021-02-19",16.554,16.688,NA,NA,NA,NA
"2021-02-22",15.96,16.127,NA,NA,NA,NA
"2021-02-23",16.248,16.402,NA,NA,NA,NA
"2021-02-24",16.381,16.624,NA,NA,NA,NA
"2021-02-25",15.935,16.17,NA,NA,NA,NA
"2021-02-26",15.694,16.097,NA,NA,NA,NA
"2021-03-01",16.082,16.43,NA,NA,NA,NA
"2021-03-02",15.869,16.188,NA,NA,NA,NA
"2021-03-03",15.527,15.84,NA,NA,NA,NA
"2021-03-04",15.932,16.252,NA,NA,NA,NA
"2021-03-05",16.367,16.694,NA,NA,NA,NA
"2021-03-08",16.151,16.51,NA,NA,NA,NA
"2021-03-09",16.925,17.219,NA,NA,NA,NA
"2021-03-10",17.632,17.883,NA,NA,NA,NA
"2021-03-11",18.127,18.452,NA,NA,NA,NA
"2021-03-12",18.448,18.772,NA,NA,NA,NA
"2021-03-15",17.932,18.283,NA,NA,NA,NA
"2021-03-16",17.658,17.951,NA,NA,NA,NA
"2021-03-17",17.972,18.296,NA,NA,NA,NA
"2021-03-18",17.761,17.984,NA,NA,NA,NA
"2021-03-19",17.266,17.57,NA,NA,NA,NA
"2021-03-22",18.046,18.294,NA,NA,NA,NA
"2021-03-23",18.39,18.61,NA,NA,NA,NA
"2021-03-24",18.589,18.833,NA,NA,NA,NA
"2021-03-25",18.367,18.563,NA,NA,NA,NA
"2021-03-26",18.699,18.891,NA,NA,NA,NA
"2021-03-29",18.443,18.706,NA,NA,NA,NA
"2021-03-30",18.804,19.07,NA,NA,NA,NA
"2021-03-31",18.994,19.364,NA,NA,NA,NA
"2021-04-01",19.172,19.55,NA,NA,NA,NA
"2021-04-02",19.375,19.737,NA,NA,NA,NA
"2021-04-05",19.578,19.924,NA,NA,NA,NA
"2021-04-06",19.781,20.111,NA,NA,NA,NA
"2021-04-07",19.287,19.608,NA,NA,NA,NA
"2021-04-08",18.991,19.335,NA,NA,NA,NA
"2021-04-09",18.938,19.244,NA,NA,NA,NA
"2021-04-12",19.65,19.953,NA,NA,NA,NA
"2021-04-13",19.512,19.95,NA,NA,NA,NA
"2021-04-14",19.682,20.01,NA,NA,NA,NA
"2021-04-15",20.26,20.575,NA,NA,NA,NA
"2021-04-16",20.538,20.929,NA,NA,NA,NA
"2021-04-19",20.941,21.269,NA,NA,NA,NA
"2021-04-20",21.066,21.428,NA,NA,NA,NA
"2021-04-21",21.109,21.436,NA,NA,NA,NA
"2021-04-22",21.368,21.661,NA,NA,NA,NA
"2021-04-23",20.046,20.364,NA,NA,NA,NA
"2021-04-26",20.001,20.272,NA,NA,NA,NA
"2021-04-27",21.403,21.68,NA,NA,NA,NA
"2021-04-28",21.554,21.83,NA,NA,NA,NA
"2021-04-29",22.501,22.81,NA,NA,NA,NA
"2021-04-30",23.285,23.542,NA,NA,NA,NA
"2021-05-03",23.813,24.196,NA,NA,NA,NA
"2021-05-04",23.048,23.425,NA,NA,NA,NA
"2021-05-05",23.962,24.131,NA,NA,NA,NA
"2021-05-06",24.33,24.7,NA,NA,NA,NA
"2021-05-07",23.941,24.122,NA,NA,NA,NA
"2021-05-10",25.192,25.425,NA,NA,NA,NA
"2021-05-11",25.803,25.889,NA,NA,NA,NA
"2021-05-12",26.42,26.511,NA,NA,NA,NA
"2021-05-13",26.251,26.374,NA,NA,NA,NA
"2021-05-14",26.83,26.806,NA,NA,NA,NA
"2021-05-17",26.31,26.334,NA,NA,NA,NA
"2021-05-18",24.811,24.813,NA,NA,NA,NA
"2021-05-19",22.663,22.581,NA,NA,NA,NA
"2021-05-20",24.685,24.463,NA,NA,NA,NA
"2021-05-21",24.794,24.508,NA,NA,NA,NA
"2021-05-24",24.761,24.566,NA,NA,NA,NA
"2021-05-25",26.188,26.208,NA,NA,NA,NA
"2021-05-26",26.427,26.339,NA,NA,NA,NA
"2021-05-27",25.199,25.166,NA,NA,NA,NA
"2021-05-28",24.931,24.85,NA,NA,NA,NA
"2021-05-31",25.123,25.371,NA,NA,NA,NA
"2021-06-01",25.975,26.177,NA,NA,NA,NA
"2021-06-02",25.723,25.877,NA,NA,NA,NA
"2021-06-03",25.707,25.877,NA,NA,NA,NA
"2021-06-04",25.795,25.958,NA,NA,NA,NA
"2021-06-07",26.492,26.641,NA,NA,NA,NA
"2021-06-08",27.802,27.941,NA,NA,NA,NA
"2021-06-09",28.298,28.488,NA,NA,NA,NA
"2021-06-10",28.687,28.906,NA,NA,NA,NA
"2021-06-11",27.845,27.845,NA,NA,NA,NA
"2021-06-14",28.81,28.803,NA,NA,NA,NA
"2021-06-15",28.133,28.129,NA,NA,NA,NA
"2021-06-16",28.03,27.952,NA,NA,NA,NA
"2021-06-17",28.312,28.211,NA,NA,NA,NA
"2021-06-18",29.404,29.284,NA,NA,NA,NA
"2021-06-21",29.616,29.711,NA,NA,NA,NA
"2021-06-22",30.737,30.758,NA,NA,NA,NA
"2021-06-23",31.547,31.553,NA,NA,NA,NA
"2021-06-24",32.016,32.317,NA,NA,NA,NA
"2021-06-25",32.383,32.243,NA,NA,NA,NA
"2021-06-28",32.289,32.103,NA,NA,NA,NA
"2021-06-29",33.486,33.46,NA,NA,NA,NA
"2021-06-30",34.622,34.612,NA,NA,NA,NA
"2021-07-01",36.143,36.205,NA,NA,NA,NA
"2021-07-02",35.827,35.874,NA,NA,NA,NA
"2021-07-05",37.945,37.903,NA,NA,NA,NA
"2021-07-06",34.105,34.251,NA,NA,NA,NA
"2021-07-07",32.338,32.229,NA,NA,NA,NA
"2021-07-08",33.312,33.094,NA,NA,NA,NA
"2021-07-09",36.632,36.625,NA,NA,NA,NA
"2021-07-12",34.649,34.486,NA,NA,NA,NA
"2021-07-13",35.463,35.333,NA,NA,NA,NA
"2021-07-14",34.775,34.801,NA,NA,NA,NA
"2021-07-15",33.797,34.002,NA,NA,NA,NA
"2021-07-16",34.842,34.669,NA,NA,NA,NA
"2021-07-19",35.649,35.787,NA,NA,NA,NA
"2021-07-20",35.165,35.192,NA,NA,NA,NA
"2021-07-21",35.949,35.847,NA,NA,NA,NA
"2021-07-22",36.129,36.193,NA,NA,NA,NA
"2021-07-23",35.523,35.645,NA,NA,NA,NA
"2021-07-26",36.914,36.863,NA,NA,NA,NA
"2021-07-27",37.59,37.65,NA,NA,NA,NA
"2021-07-28",39.698,39.672,NA,NA,NA,NA
"2021-07-29",41.154,41.158,NA,NA,NA,NA
"2021-07-30",40.756,40.571,NA,NA,NA,NA
"2021-08-02",42.153,42.086,NA,NA,NA,NA
"2021-08-03",41.243,41.031,NA,NA,NA,NA
"2021-08-04",42.253,42.013,NA,NA,NA,NA
"2021-08-05",42.899,42.709,NA,NA,NA,NA
"2021-08-06",43.118,43.011,NA,NA,NA,NA
"2021-08-09",42.786,42.657,NA,NA,NA,NA
"2021-08-10",44.655,44.52,NA,NA,NA,NA
"2021-08-11",45.986,45.879,NA,NA,NA,NA
"2021-08-12",45.871,45.882,NA,NA,NA,NA
"2021-08-13",44.628,44.644,NA,NA,NA,NA
"2021-08-16",47.988,47.565,NA,NA,NA,NA
"2021-08-17",46.949,46.808,NA,NA,NA,NA
"2021-08-18",45.385,45.137,NA,NA,NA,NA
"2021-08-19",40.395,39.86,NA,NA,NA,NA
"2021-08-20",41.944,41.715,NA,NA,NA,NA
"2021-08-23",41.68,41.485,NA,NA,NA,NA
"2021-08-24",44.87,44.23,NA,NA,NA,NA
"2021-08-25",45.285,44.832,NA,NA,NA,NA
"2021-08-26",45.788,45.309,NA,NA,NA,NA
"2021-08-27",47.806,47.057,NA,NA,NA,NA
"2021-08-30",49.679,48.82,NA,NA,NA,NA
"2021-08-31",50.338,49.762,NA,NA,NA,NA
"2021-09-01",50.232,49.136,NA,NA,NA,NA
"2021-09-02",51.916,51.289,NA,NA,NA,NA
"2021-09-03",51.505,51.3,NA,NA,NA,NA
"2021-09-06",52.874,52.125,NA,NA,NA,NA
"2021-09-07",53.908,53.249,NA,NA,NA,NA
"2021-09-08",55.288,54.443,NA,NA,NA,NA
"2021-09-09",56.581,56.17,NA,NA,NA,NA
"2021-09-10",57.916,57.666,NA,NA,NA,NA
"2021-09-13",61.279,61.233,NA,NA,NA,NA
"2021-09-14",65.764,65.23,NA,NA,NA,NA
"2021-09-15",70.707,70.725,NA,NA,NA,NA
"2021-09-16",63.251,61.2,NA,NA,NA,NA
"2021-09-17",65.103,64.917,NA,NA,NA,NA
"2021-09-20",75.317,75.044,NA,NA,NA,NA
"2021-09-21",73.782,73.775,NA,NA,NA,NA
"2021-09-22",71.692,71.69,NA,NA,NA,NA
"2021-09-23",69.684,69.47,NA,NA,NA,NA
"2021-09-24",70.24,70.45,NA,NA,NA,NA
"2021-09-27",76.507,77.101,NA,NA,NA,NA
"2021-09-28",78.565,78.89,NA,NA,NA,NA
"2021-09-29",86.609,85.74,NA,NA,NA,NA
"2021-09-30",97.774,96.89,NA,NA,NA,NA
"2021-10-01",93.625,94.18,NA,NA,NA,NA
"2021-10-04",96.652,96.765,NA,NA,NA,NA
"2021-10-05",116.02,116.2,NA,NA,NA,NA
"2021-10-06",108.191,109.59,NA,NA,NA,NA
"2021-10-07",96.584,97.31,NA,NA,NA,NA
"2021-10-08",87.606,87.31,NA,NA,NA,NA
"2021-10-11",85.216,85.44,NA,NA,NA,NA
"2021-10-12",85.698,85.873,NA,NA,NA,NA
"2021-10-13",93.616,93.446,NA,NA,NA,NA
"2021-10-14",102.172,102.511,NA,NA,NA,NA
"2021-10-15",93.648,94.065,NA,NA,NA,NA
"2021-10-18",93.933,94.012,NA,NA,NA,NA
"2021-10-19",89.932,90.65,NA,NA,NA,NA
"2021-10-20",93.451,93.832,NA,NA,NA,NA
"2021-10-21",88.463,88.5,NA,NA,NA,NA
"2021-10-22",87.338,87.427,NA,NA,NA,NA
"2021-10-25",88.643,89.492,NA,NA,NA,NA
"2021-10-26",88.493,88.6,NA,NA,NA,NA
"2021-10-27",86.819,86.868,NA,NA,NA,NA
"2021-10-28",77.032,76.77,NA,NA,NA,NA
"2021-10-29",64.864,64.388,NA,NA,NA,NA
"2021-11-01",65.619,65.2,NA,NA,NA,NA
"2021-11-02",67.606,66.885,NA,NA,NA,NA
"2021-11-03",76.542,76.188,NA,NA,NA,NA
"2021-11-04",73.376,73.3,NA,NA,NA,NA
"2021-11-05",74.027,73.838,NA,NA,NA,NA
"2021-11-08",79.074,78.55,NA,NA,NA,NA
"2021-11-09",72.587,72.611,NA,NA,NA,NA
"2021-11-10",70.123,69.708,NA,NA,NA,NA
"2021-11-11",74.79,74.45,NA,NA,NA,NA
"2021-11-12",75.675,75.3,NA,NA,NA,NA
"2021-11-15",79.947,79.95,NA,NA,NA,NA
"2021-11-16",94.189,94,NA,NA,NA,NA
"2021-11-17",95.004,95.15,NA,NA,NA,NA
"2021-11-18",95.167,95,NA,NA,NA,NA
"2021-11-19",87.125,87.245,NA,NA,NA,NA
"2021-11-22",84.017,83.609,NA,NA,NA,NA
"2021-11-23",90.927,90.375,NA,NA,NA,NA
"2021-11-24",93.984,93.65,NA,NA,NA,NA
"2021-11-25",93.194,93.557,NA,NA,NA,NA
"2021-11-26",87.772,87.833,NA,NA,NA,NA
"2021-11-29",93.146,93.55,NA,NA,NA,NA
"2021-11-30",92.513,93.042,NA,NA,NA,NA
"2021-12-01",95.675,95.8,NA,NA,NA,NA
"2021-12-02",94.83,94.864,NA,NA,NA,NA
"2021-12-03",89.478,89.6,NA,NA,NA,NA
"2021-12-06",89.928,90.4,NA,NA,NA,NA
"2021-12-07",95.883,95.501,NA,NA,NA,NA
"2021-12-08",101.502,101.461,NA,NA,NA,NA
"2021-12-09",100.445,101.051,NA,NA,NA,NA
"2021-12-10",105.776,106.323,NA,NA,NA,NA
"2021-12-13",116.084,116.299,NA,NA,NA,NA
"2021-12-14",128.301,129.199,NA,NA,NA,NA
"2021-12-15",132.284,131.383,NA,NA,NA,NA
"2021-12-16",142.765,143.314,NA,NA,NA,NA
"2021-12-17",136.913,137.5,NA,NA,NA,NA
"2021-12-20",146.926,147.451,NA,NA,NA,NA
"2021-12-21",180.267,180.2,NA,NA,NA,NA
"2021-12-22",172.875,172.451,NA,NA,NA,NA
"2021-12-23",132.579,133.121,NA,NA,NA,NA
"2021-12-24",110.469,111.566,NA,NA,NA,NA
"2021-12-27",106.893,106.75,NA,NA,NA,NA
"2021-12-28",106.59,106.888,NA,NA,NA,NA
"2021-12-29",96.476,96.065,NA,NA,NA,NA
"2021-12-30",87.027,87.25,NA,NA,NA,NA
"2021-12-31",70.343,71.865,NA,NA,NA,NA
"2022-01-03",80.434,80.6,NA,NA,NA,NA
"2022-01-04",88.741,89.5,NA,NA,NA,NA
"2022-01-05",91.522,90.8,NA,NA,NA,NA
"2022-01-06",96.502,96.173,NA,NA,NA,NA
"2022-01-07",88.174,88.333,NA,NA,NA,NA
"2022-01-10",84.607,84.8,NA,NA,NA,NA
"2022-01-11",78.736,78.6,NA,NA,NA,NA
"2022-01-12",75.153,75,NA,NA,NA,NA
"2022-01-13",85.46,83.8,NA,NA,NA,NA
"2022-01-14",86.97,86.5,NA,NA,NA,NA
"2022-01-17",77.012,76,NA,NA,NA,NA
"2022-01-18",78.334,78.5,NA,NA,NA,NA
"2022-01-19",75.602,76.5,NA,NA,NA,NA
"2022-01-20",75.203,75.667,NA,NA,NA,NA
"2022-01-21",78.98,79.276,NA,NA,NA,NA
"2022-01-24",93,92.675,NA,NA,NA,NA
"2022-01-25",93.582,93.5,NA,NA,NA,NA
"2022-01-26",91.837,91.7,NA,NA,NA,NA
"2022-01-27",92.301,93.029,NA,NA,NA,NA
"2022-01-28",92.062,92.525,NA,NA,NA,NA
"2022-01-31",84.672,84.518,NA,NA,NA,NA
"2022-02-01",76.167,76,NA,NA,NA,NA
"2022-02-02",77.351,77.819,NA,NA,NA,NA
"2022-02-03",80.223,79.8,NA,NA,NA,NA
"2022-02-04",82.652,83.2,NA,NA,NA,NA
"2022-02-07",79.595,79.6,NA,NA,NA,NA
"2022-02-08",77.3,78,NA,NA,NA,NA
"2022-02-09",74.417,74.4,NA,NA,NA,NA
"2022-02-10",74.353,73.8,NA,NA,NA,NA
"2022-02-11",77.426,77.665,NA,NA,NA,NA
"2022-02-14",80.771,80.8,NA,NA,NA,NA
"2022-02-15",70.919,70.9,NA,NA,NA,NA
"2022-02-16",69.795,70.2,NA,NA,NA,NA
"2022-02-17",74.914,74.3,NA,NA,NA,NA
"2022-02-18",73.762,73.2,NA,NA,NA,NA
"2022-02-21",72.564,72.6,NA,NA,NA,NA
"2022-02-22",79.789,79,NA,NA,NA,NA
"2022-02-23",88.891,87.95,NA,NA,NA,NA
"2022-02-24",134.316,135.075,NA,NA,NA,NA
"2022-02-25",94.422,95.5,NA,NA,NA,NA
"2022-02-28",98.595,99.478,NA,NA,NA,NA
"2022-03-01",121.674,121.95,NA,NA,NA,NA
"2022-03-02",165.543,164.914,NA,NA,NA,NA
"2022-03-03",160.823,160.834,NA,NA,NA,NA
"2022-03-04",192.55,192.967,NA,NA,NA,NA
"2022-03-07",227.201,230,NA,NA,NA,NA
"2022-03-08",214.554,214.981,NA,NA,NA,NA
"2022-03-09",155.88,157.102,NA,NA,NA,NA
"2022-03-10",126.399,124.3,NA,NA,NA,NA
"2022-03-11",131.229,131.98,NA,NA,NA,NA
"2022-03-14",114.522,115.75,NA,NA,NA,NA
"2022-03-15",115.439,115.428,NA,NA,NA,NA
"2022-03-16",102.623,101.941,NA,NA,NA,NA
"2022-03-17",105.088,105.13,NA,NA,NA,NA
"2022-03-18",105.044,104.496,NA,NA,NA,NA
"2022-03-21",96.302,97.09,NA,NA,NA,NA
"2022-03-22",98.747,99.309,NA,NA,NA,NA
"2022-03-23",117.001,117.49,NA,NA,NA,NA
"2022-03-24",111.608,111.59,NA,NA,NA,NA
"2022-03-25",101.269,103.452,NA,NA,NA,NA
"2022-03-28",102.545,104.366,NA,NA,NA,NA
"2022-03-29",108.381,111.975,NA,NA,NA,NA
"2022-03-30",118.97,119.5,NA,NA,NA,NA
"2022-03-31",125.906,127.27,NA,NA,NA,NA
"2022-04-01",112.15,114.81,NA,NA,NA,NA
"2022-04-04",109.523,111.3,NA,NA,NA,NA
"2022-04-05",108.564,110.507,NA,NA,NA,NA
"2022-04-06",106.791,108.42,NA,NA,NA,NA
"2022-04-07",104.564,105.45,NA,NA,NA,NA
"2022-04-08",103.882,105.185,NA,NA,NA,NA
"2022-04-11",100.137,101.18,NA,NA,NA,NA
"2022-04-12",102.219,103.31,NA,NA,NA,NA
"2022-04-13",105.324,106.46,NA,NA,NA,NA
"2022-04-14",95.62,96.752,NA,NA,NA,NA
"2022-04-15",95.0026666666667,95.943,NA,NA,NA,NA
"2022-04-18",94.3853333333333,95.134,NA,NA,NA,NA
"2022-04-19",93.768,94.325,NA,NA,NA,NA
"2022-04-20",94.231,95.16,NA,NA,NA,NA
"2022-04-21",100.061,100.825,NA,NA,NA,NA
"2022-04-22",94.875,96.205,NA,NA,NA,NA
"2022-04-25",92.837,93.67,NA,NA,NA,NA
"2022-04-26",103.208,103.65,NA,NA,NA,NA
"2022-04-27",107.427,108.5,NA,NA,NA,NA
"2022-04-28",100.142,101.25,NA,NA,NA,NA
"2022-04-29",99.45,101.96,NA,NA,NA,NA
"2022-05-02",97.051,98.1,NA,NA,NA,NA
"2022-05-03",99.426,100.475,NA,NA,NA,NA
"2022-05-04",103.821,105.08,NA,NA,NA,NA
"2022-05-05",106.508,107.31,NA,NA,NA,NA
"2022-05-06",101.708,102.343,NA,NA,NA,NA
"2022-05-09",93.787,94.551,NA,NA,NA,NA
"2022-05-10",98.801,99.22,NA,NA,NA,NA
"2022-05-11",94.012,94.86,NA,NA,NA,NA
"2022-05-12",106.701,107.63,NA,NA,NA,NA
"2022-05-13",96.881,97.934,NA,NA,NA,NA
"2022-05-16",92.86,93.39,NA,NA,NA,NA
"2022-05-17",94.175,94.5,NA,NA,NA,NA
"2022-05-18",94.538,95,NA,NA,NA,NA
"2022-05-19",91.024,91.295,NA,NA,NA,NA
"2022-05-20",87.902,88.434,NA,NA,NA,NA
"2022-05-23",83.288,83.64,NA,NA,NA,NA
"2022-05-24",84.507,84.56,NA,NA,NA,NA
"2022-05-25",88.078,87.93,NA,NA,NA,NA
"2022-05-26",85.971,86.43,NA,NA,NA,NA
"2022-05-27",86.875,87.263,NA,NA,NA,NA
"2022-05-30",87.987,88.17,NA,NA,NA,NA
"2022-05-31",94.004,94.804,NA,NA,NA,NA
"2022-06-01",85.551,86.148,NA,NA,NA,NA
"2022-06-02",83.945,84.411,NA,NA,NA,NA
"2022-06-03",83.101,83.775,NA,NA,NA,NA
"2022-06-06",82.558,82.865,NA,NA,NA,NA
"2022-06-07",79.608,79.987,NA,NA,NA,NA
"2022-06-08",79.407,79.631,NA,NA,NA,NA
"2022-06-09",84.88,85.018,NA,NA,NA,NA
"2022-06-10",82.464,82.807,NA,NA,NA,NA
"2022-06-13",83.402,83.607,NA,NA,NA,NA
"2022-06-14",97.04,97.209,NA,NA,NA,NA
"2022-06-15",120.332,121.011,NA,NA,NA,NA
"2022-06-16",124.364,126.588,NA,NA,NA,NA
"2022-06-17",117.738,118.52,NA,NA,NA,NA
"2022-06-20",120.627,122.356,NA,NA,NA,NA
"2022-06-21",125.56,125.976,NA,NA,NA,NA
"2022-06-22",127.171,127.566,NA,NA,NA,NA
"2022-06-23",133.347,133.721,NA,NA,NA,NA
"2022-06-24",128.505,128.656,NA,NA,NA,NA
"2022-06-27",129.459,129.956,NA,NA,NA,NA
"2022-06-28",129.176,129.632,NA,NA,NA,NA
"2022-06-29",139.588,139.895,NA,NA,NA,NA
"2022-06-30",144.514,145.3,NA,NA,NA,NA
"2022-07-01",147.784,148.05,NA,NA,NA,NA
"2022-07-04",162.94,163.871,NA,NA,NA,NA
"2022-07-05",165.073,165.655,NA,NA,NA,NA
"2022-07-06",170.999,170.275,NA,NA,NA,NA
"2022-07-07",183.183,183.63,NA,NA,NA,NA
"2022-07-08",175.212,176.885,NA,NA,NA,NA
"2022-07-11",164.52,165.473,NA,NA,NA,NA
"2022-07-12",172.609,173.198,NA,NA,NA,NA
"2022-07-13",180.505,180.787,NA,NA,NA,NA
"2022-07-14",175.033,175.332,NA,NA,NA,NA
"2022-07-15",159.567,160.195,NA,NA,NA,NA
"2022-07-18",157.258,157.19,NA,NA,NA,NA
"2022-07-19",154.457,154.72,NA,NA,NA,NA
"2022-07-20",155.038,154.66,NA,NA,NA,NA
"2022-07-21",155.6,154,NA,NA,NA,NA
"2022-07-22",159.864,160.836,NA,NA,NA,NA
"2022-07-25",176.616,176.85,NA,NA,NA,NA
"2022-07-26",199.918,200.91,NA,NA,NA,NA
"2022-07-27",205.225,206.977,NA,NA,NA,NA
"2022-07-28",198.93,200.035,NA,NA,NA,NA
"2022-07-29",190.915,191.495,NA,NA,NA,NA
"2022-08-01",200.794,202.25,NA,NA,NA,NA
"2022-08-02",205.174,205.657,NA,NA,NA,NA
"2022-08-03",199.195,200.06,NA,NA,NA,NA
"2022-08-04",199.248,199.673,NA,NA,NA,NA
"2022-08-05",196.32,196.85,NA,NA,NA,NA
"2022-08-08",193.055,193.547,NA,NA,NA,NA
"2022-08-09",192.184,192.578,NA,NA,NA,NA
"2022-08-10",205.367,205.61,NA,NA,NA,NA
"2022-08-11",208.11,208.596,NA,NA,NA,NA
"2022-08-12",206.108,207.5,NA,NA,NA,NA
"2022-08-15",220.11,220.305,NA,NA,NA,NA
"2022-08-16",225.914,226.689,NA,NA,NA,NA
"2022-08-17",225.835,226.153,NA,NA,NA,NA
"2022-08-18",241.004,241.032,NA,NA,NA,NA
"2022-08-19",244.55,244.43,NA,NA,NA,NA
"2022-08-22",276.748,276.55,NA,NA,NA,NA
"2022-08-23",269.049,269.132,NA,NA,NA,NA
"2022-08-24",292.15,291.83,NA,NA,NA,NA
"2022-08-25",321.414,321.66,NA,NA,NA,NA
"2022-08-26",339.196,337.24,NA,NA,NA,NA
"2022-08-29",272.603,275.092,NA,NA,NA,NA
"2022-08-30",252.937,255.71,NA,NA,NA,NA
"2022-08-31",239.907,243.475,NA,NA,NA,NA
"2022-09-01",243.004,244.543,NA,NA,NA,NA
"2022-09-02",214.665,215.279,NA,NA,NA,NA
"2022-09-05",245.926,246.634,NA,NA,NA,NA
"2022-09-06",239.842,239.231,NA,NA,NA,NA
"2022-09-07",213.883,213.615,NA,NA,NA,NA
"2022-09-08",220.541,216.359,NA,NA,NA,NA
"2022-09-09",207.091,207.522,NA,NA,NA,NA
"2022-09-12",190.588,192.048,NA,NA,NA,NA
"2022-09-13",198.612,199.086,NA,NA,NA,NA
"2022-09-14",217.882,218.105,NA,NA,NA,NA
"2022-09-15",214.283,215.266,NA,NA,NA,NA
"2022-09-16",187.793,188.499,NA,NA,NA,NA
"2022-09-19",182.262,183.269,NA,NA,NA,NA
"2022-09-20",194.259,194.392,NA,NA,NA,NA
"2022-09-21",189.781,190.831,NA,NA,NA,NA
"2022-09-22",187.468,188.109,NA,NA,NA,NA
"2022-09-23",185.495,186.735,-0.142055411154306,0.997901747995735,0.58927192588331,-0.70612750082924
"2022-09-26",173.834,175.176,-0.139527256565112,0.997852265583056,0.706671824586727,-0.826241219212278
"2022-09-27",186.099,187.706,-0.134365161788824,0.997773190007033,0.817586385534779,-1.05464924167131
"2022-09-28",207.187,206.6,-0.150525189805359,0.99792137968278,1.00851535000763,1.166968147343
"2022-09-29",187.665,187.71,-0.153799327372338,0.997961855318029,1.11187063343116,0.491379465625158
"2022-09-30",188.8,190.45,-0.14580565267345,0.997866888650867,0.916003316333701,-1.09794329088413
"2022-10-03",169.912,170.617,-0.147796599930076,0.997867985698672,1.03472833306601,-0.193445516020233
"2022-10-04",161.95,163.083,-0.142670536879821,0.997819956548855,0.814306327412747,-0.634801436977142
"2022-10-05",173.693,175.69,-0.136482383148202,0.997727236446473,0.792064637855574,-1.46121578813253
"2022-10-06",175.712,175.953,-0.140939130367208,0.997761594015875,1.15475520885803,0.293793378491927
"2022-10-07",156.207,157.72,-0.142847568548554,0.997737185325998,0.916923229872521,-1.0132613010679
"2022-10-10",154.118,154.982,-0.137237947307657,0.997698027078104,0.985532673411663,-0.369997685311063
"2022-10-11",156.781,158.25,-0.138995974376458,0.997674563031053,0.823238597819917,-0.962003625287707
"2022-10-12",160.19,161.281,-0.141564344230774,0.997667594686369,0.904830990894147,-0.573262994381565
"2022-10-13",153.809,154.83,-0.149219953792184,0.997692506018792,0.817225038309195,-0.514510753097341
"2022-10-14",141.997,143.15,-0.16255875893358,0.997750202547048,0.751376403322186,-0.668382735676346
"2022-10-17",127.978,129.214,-0.177327866190127,0.997816751472185,0.7571296408636,-0.776565858536742
"2022-10-18",113.222,114.186,-0.197227915701649,0.997920127603165,0.79958683003884,-0.529279774793338
"2022-10-19",112.51,113.37,-0.210146069580156,0.99798381468536,0.747543018307504,-0.421279001299155
"2022-10-20",127.147,127.878,-0.217658384751682,0.998019697068387,0.688707467963234,-0.260104436959466
"2022-10-21",113.576,114.954,-0.232227243279623,0.998085133980442,0.628804904762581,-0.925651248308128
"2022-10-24",99.17,100.265,-0.251139976259748,0.998180671880383,0.788258523724894,-0.66144508982687
"2022-10-25",99.794,100.87,-0.262657373905039,0.998237591171824,0.774315905248858,-0.635568447596867
"2022-10-26",104.32,106.05,-0.286240527820007,0.998353039048732,0.762744417808378,-1.26909926329806
"2022-10-27",107.384,110,-0.314604941391021,0.998479814554698,1.02372961830933,-2.13417465962581
"2022-10-28",112.244,114.8,-0.341330651553428,0.998594869077577,1.59681541525749,-2.05336031855236
"2022-10-31",123.352,125.05,-0.353935757847603,0.998640691346283,1.7572936152742,-1.17408269500513
"2022-11-01",116.193,117.66,-0.367946797974658,0.998697306468467,1.48318463842793,-0.945778281105206
"2022-11-02",125.863,126.84,-0.374042214418913,0.99871940615762,1.24144125303219,-0.440527262613656
"2022-11-03",125.445,127.013,-0.386691284390296,0.99876356268803,0.995657202189561,-1.02426510330443
"2022-11-04",114.786,116.12,-0.39720026311688,0.998807100491559,1.00885497365143,-0.798280245962971
"2022-11-07",109.683,110.777,-0.413936073895294,0.99888859481403,0.937054497102674,-0.556945793818514
"2022-11-08",118.147,119.611,-0.432921419148125,0.99897147156282,0.841659963255259,-0.90805526595237
"2022-11-09",113.144,114.428,-0.448461475552961,0.999040073615135,0.904917481444276,-0.725696068079756
"2022-11-10",113.452,114.39,-0.453392662133543,0.999060380117192,0.867292382333397,-0.377124219472023
"2022-11-11",97.853,99.324,-0.469147795363776,0.999136438902484,0.764749281680102,-0.916079862186564
"2022-11-14",113.704,114.92,-0.475752763479518,0.99916210992037,0.86004424851417,-0.643956908569464
"2022-11-15",124.104,124.755,-0.476449237669645,0.999164462910596,0.81915463890913,-0.0703133327417333
"2022-11-16",113.9,115.76,-0.490939685185301,0.999221370644005,0.711865092999019,-1.2789261805647
"2022-11-17",112.556,113.646,-0.501083198794231,0.999266007271248,0.970784532264029,-0.505501463554054
"2022-11-18",115.509,116.699,-0.511106145198278,0.999309507320936,0.853379966781697,-0.598314049647641
"2022-11-21",116.128,116,-0.50697067591273,0.999297096399057,0.805468583625839,0.716507493622075
"2022-11-22",119.639,121.95,-0.528953455664657,0.999381161624177,0.827742907339007,-1.70657920440374
"2022-11-23",129.62,130.25,-0.535630857959738,0.999411414151897,1.21307559898605,-0.0177058353248754
"2022-11-24",123.785,124.7,-0.537321888145977,0.99941521258015,0.964579370308814,-0.304755120598756
"2022-11-25",124.37,125.54,-0.541039509879216,0.999424657160867,0.823858246625745,-0.556731950096051
"2022-11-28",123.282,124.27,-0.54626971630439,0.999440683699987,0.775573887064162,-0.372224047092942
"2022-11-29",132.286,133.06,-0.545516890498283,0.999438839489275,0.70569162686644,-0.153815091944665
"2022-11-30",146.397,146.805,-0.552208206400907,0.999449905673242,0.642038747963604,0.224964804040553
"2022-12-01",139.258,140.538,-0.554247711786875,0.999443290349267,0.61708091191027,-0.647513427318415
"2022-12-02",135.562,136.999,-0.557250131428202,0.999440328824422,0.696863937470287,-0.803075477188827
"2022-12-05",134.699,135.081,-0.556441856569687,0.999438367346513,0.783024731340415,0.250307757035415
"2022-12-06",138.488,139.328,-0.55346963437126,0.999388579911936,0.691841025913037,-0.201342427598945
"2022-12-07",149.245,149.794,-0.549617392229785,0.999330512920968,0.634895217073761,0.100902539746272
"2022-12-08",138.893,140.558,-0.552870534282854,0.999321440130646,0.603589979973788,-1.01675244760054
"2022-12-09",139.113,140.087,-0.549835790234168,0.999303105824887,0.826402540282136,-0.326538395456708
"2022-12-12",136.59,137.638,-0.55847350408082,0.999332527364345,0.730762026622333,-0.397656897292961
"2022-12-13",137.529,138.374,-0.562257246433039,0.999344996702022,0.683680520746441,-0.192107327212597
"2022-12-14",131.511,133.871,-0.581529063782852,0.999406441819988,0.65218073374559,-1.69901070910072
"2022-12-15",134.767,135.629,-0.587845344295578,0.99943513389511,1.13632628945993,-0.197542430764315
"2022-12-16",115.451,116.889,-0.578958079051967,0.999372655731375,0.924916824329194,-0.785712276732781
"2022-12-19",108.543,109.84,-0.591835687478349,0.99943491329328,0.88917500962288,-0.643095188655579
"2022-12-20",105.688,106.41,-0.590980401344387,0.999429972797994,0.829380489308542,-0.0703630040901828
"2022-12-21",97.752,98.513,-0.61003018794729,0.999526944836542,0.709141736087468,-0.104367728735014
"2022-12-22",91.938,92.79,-0.624253897204556,0.999597036290148,0.641461968564097,-0.190355100158271
"2022-12-23",82.977,83.698,-0.63191460340723,0.999636949950251,0.607074210731296,-0.0586988335288652
"2022-12-26",81.51,82.4825,-0.643130099716581,0.999696723204846,0.574205950188715,-0.304354872027105
"2022-12-27",80.043,81.267,-0.663821099608459,0.999809363274487,0.589865359296927,-0.54468642561929
"2022-12-28",81.351,82.224,-0.680128912285531,0.999899499908666,0.645931017292317,-0.184607568204669
"2022-12-29",83.83,84.7,-0.716574413964417,1.00009384827579,0.591726204673059,-0.161374534994891
"2022-12-30",76.315,73.544,-0.675641388915016,0.999859557813307,0.647599875867058,3.45697006909313
"2023-01-02",77.017,76.99,-0.69149668015816,0.999947556601117,2.09796684906884,0.722534297438145
"2023-01-03",72.314,73.15,-0.701993520465332,1.00000528496917,1.59025980356577,-0.134393075029493
"2023-01-04",65.022,65.522,-0.695260606284843,0.99996730260183,0.817104216957804,0.197403005207761
"2023-01-05",72.422,72.749,-0.692859339384161,0.999953605580542,0.940682567641826,0.369234487005286
"2023-01-06",69.534,70.053,-0.695929711105878,0.999969693792023,0.794977171062176,0.179052751893281
"2023-01-09",74.302,74.61,-0.702432501818706,0.99999904233674,0.800936002942299,0.394503953074519
"2023-01-10",70.071,70.607,-0.709255342374072,1.00003123877065,0.778418168758308,0.171049666494497
"2023-01-11",65.346,65.84,-0.716080166313343,1.00006311403296,0.772221745070032,0.21792473838309
"2023-01-12",66.809,67.473,-0.715037172856151,1.00005732906523,0.756526571640641,0.0471690088377699
"2023-01-13",64.812,65.58,-0.719059444918412,1.00007816047892,0.742093256182543,-0.054066319289177
"2023-01-16",55.454,56.015,-0.728011020062335,1.00012344854572,0.735514172000852,0.160096049774026
"2023-01-17",60.061,60.545,-0.737271529271408,1.00017294371824,0.730389951168842,0.242800651850835
"2023-01-18",61.709,62.52,-0.742612028446183,1.00020251016073,0.716439564467578,-0.081048906802387
"2023-01-19",60.717,61.561,-0.761354613840473,1.00030428366842,0.710896943505848,-0.101377393071182
"2023-01-20",66.898,67.632,-0.763840150947016,1.00031737805498,0.579666451000024,0.00837523833291698
"2023-01-23",65.999,67,-0.778824350131344,1.0003993465888,0.574566510808346,-0.248931871318234
"2023-01-24",58.269,59.147,-0.781775399857782,1.00041624031436,0.56958768542785,-0.120843966015826
"2023-01-25",56.66,57.389,-0.793027825768061,1.00047804014723,0.549938256876302,0.0365935797587937
"2023-01-26",54.815,55.666,-0.814816370413006,1.00059882781737,0.539504790743382,-0.0695179788689728
"2023-01-27",55.425,56.12,-0.820941202325455,1.00063128611899,0.520750025699832,0.0905134253275861
"2023-01-30",55.156,55.825,-0.829103753118962,1.00067356893837,0.512937826034859,0.122501767134736
"2023-01-31",57.352,58,-0.839135374842463,1.00072880472797,0.51536758882287,0.148864700620081
"2023-02-01",59.527,60.19,-0.842863745520938,1.00074915960008,0.496944957549096,0.134771829191877
"2023-02-02",57.04,57.608,-0.859734238691747,1.00084026072514,0.505209247474332,0.243328498837975
"2023-02-03",57.889,58.596,-0.878552244040949,1.00094335123927,0.535009954458314,0.11627563482449
"2023-02-06",58.109,58.761,-0.887318477743416,1.00099087142051,0.517738951540743,0.177093882202733
"2023-02-07",55.403,56.224,-0.909527189838382,1.00110954969307,0.537284096487756,0.0261438678954207
"2023-02-08",53.687,54.074,-0.922539479785737,1.00116835837203,0.62441158800392,0.472361669176841
"2023-02-09",52.734,53.454,-0.919988632831473,1.00115323915734,0.634574293197732,0.138343386914983
"2023-02-10",53.947,54.416,-0.910111846002463,1.00109871987506,0.577180113257486,0.381323905281405
"2023-02-13",51.707,52.725,-0.912314513763591,1.00111278543498,0.58639771225688,-0.164357098295824
"2023-02-14",52.386,53.03,-0.911490644655961,1.00109777803509,0.540081367808255,0.209275475454987
"2023-02-15",54.716,55.216,-0.903090691101731,1.00100365202789,0.541492771172292,0.347673040729589
"2023-02-16",52.011,52.818,-0.901593811129145,1.00097139538581,0.572319800553117,0.0432866496414306
"2023-02-17",49.047,49.675,-0.895617465806579,1.000923617239,0.505888959932879,0.221736779459135
"2023-02-20",49.874,50.474,-0.918673726771082,1.00117300966912,0.549651463353767,0.259467236732021
"2023-02-21",48.542,49.258,-0.913610688137571,1.00113106064984,0.527788289381107,0.141896902647915
"2023-02-22",50.568,51.069,-0.907856328580896,1.00111257039077,0.494513873130746,0.35003847129456
"2023-02-23",50.78,51.277,-0.9155855937034,1.00109451019221,0.569921014187979,0.362462394577697
"2023-02-24",51.013,51.55,-0.910278347435009,1.00106265456836,0.553818756874475,0.318498504435844
"2023-02-27",47.299,48.233,-0.908885812534639,1.00106320324203,0.552486707962561,-0.0763956694381704
"2023-02-28",46.665,47.401,-0.911623382842067,1.00106350664189,0.498898731501693,0.12521210450965
"2023-03-01",47.084,47.926,-0.923416880855997,1.00110984252823,0.490166265968957,0.0282265678480726
"2023-03-02",46.815,47.413,-0.924648834030356,1.00110407993434,0.478294465969942,0.27430109210335
"2023-03-03",44.98,45.721,-0.932725421936605,1.00112903136971,0.548303776779922,0.140104978682288
"2023-03-06",42.149,42.838,-0.929686832392419,1.00111018792613,0.510209508618358,0.193128602012678
"2023-03-07",43.37,43.962,-0.926965272441241,1.00108975122261,0.494451944454508,0.28705762919278
"2023-03-08",42.339,43,-0.924970215388857,1.00107114010384,0.504124926264048,0.217911190923779
"2023-03-09",43.599,44.157,-0.924863268708239,1.00105435826854,0.506356206391083,0.320305970644185
"2023-03-10",52.857,53.047,-0.904573949192431,1.00095847622962,0.525256227531633,0.663729660639547
"2023-03-13",49.584,50.873,-0.903805638156519,1.00097089191478,0.691031711218347,-0.434586546223962
"2023-03-14",44.185,44.863,-0.884034654585085,1.0009085023166,0.657009488152844,0.165276515155625
"2023-03-15",42.905,43.522,-0.881605325329151,1.00088856586028,0.546153817277803,0.225933161958004
"2023-03-16",44.341,44.949,-0.875771655729775,1.00086845023641,0.504124783922863,0.228735686053398
"2023-03-17",42.857,43.596,-0.863994187608582,1.00083764352825,0.470051216157307,0.0884762803511947
"2023-03-20",39.325,40.065,-0.856642481979526,1.00081383966237,0.429062353534566,0.0840359959068522
"2023-03-21",42.4,43.081,-0.847507551479263,1.00078272370761,0.40256908613912,0.132787031431569
"2023-03-22",39.974,40.893,-0.843775199367427,1.00077723324636,0.399121911992169,-0.107008199775983
"2023-03-23",43.186,43.75,-0.839280145462671,1.00075287248174,0.390550420754243,0.242341974386626
"2023-03-24",41.094,41.77,-0.83375816296985,1.00073001790075,0.4137675708193,0.127265315255357
"2023-03-27",42.528,43.067,-0.827875166993041,1.00070002876186,0.397765937558285,0.258727028306055
"2023-03-28",42.752,43.509,-0.825054769601493,1.00068932611841,0.419603428221256,0.0380628795156355
"2023-03-29",42.803,43.513,-0.821448520151948,1.00067524853614,0.386038173453085,0.0820664305988785
"2023-03-30",43.609,44.089,-0.814196131969113,1.00063852222521,0.378678064499441,0.306044325581908
"2023-03-31",47.843,48.548,-0.811729351161812,1.00062704809875,0.423056479958965,0.0762874200638421
"2023-04-03",51.367,51.887,-0.808346638628361,1.00060774274478,0.387846700178946,0.256812690830209
"2023-04-04",46.568,47.714,-0.814805872432113,1.00064229399456,0.415563545945212,-0.361840543224289
"2023-04-05",44.575,45.166,-0.81080883848335,1.00062163867356,0.454082046815803,0.191731906153159
"2023-04-06",43.125,43.872,-0.810195600180613,1.00061831967901,0.416918040608584,0.036068679222943
"2023-04-07",43.314,43.9986666666667,-0.80467841725843,1.00059520014697,0.371836741589256,0.0938237377250388
"2023-04-10",43.503,44.1253333333333,-0.801917344624115,1.00058034526545,0.344871207858392,0.15397608300443
"2023-04-11",43.692,44.252,-0.800831975503964,1.00056861059968,0.339994707289504,0.215669819247047
"2023-04-12",42.88,43.658,-0.799020050860802,1.00056459715572,0.345008518573808,-0.00362913176363833
"2023-04-13",42.093,42.9,-0.797127702934184,1.00055997724466,0.311026960546935,-0.0338953208618804
"2023-04-14",41.149,41.976,-0.78683588862733,1.00053148693045,0.274003281258339,-0.0624738067652544
"2023-04-17",41.127,42.081,-0.787288462704628,1.00053941695076,0.269616672792313,-0.189410742000341
"2023-04-18",42.722,43.262,-0.782345020059729,1.00051617424815,0.293346309620555,0.220014289736248
"2023-04-19",40.298,41.304,-0.782567486834244,1.00052760410313,0.315667351325914,-0.245224673041484
"2023-04-20",40.565,41.484,-0.784241239356108,1.00053887914993,0.330312471304993,-0.157113623299637
"2023-04-21",40.164,40.879,-0.784180707277171,1.0005367949991,0.310383304501516,0.0472370645088347
"2023-04-24",39.925,40.695,-0.784072487320702,1.00053665542438,0.278934774230985,-0.00776670517461753
"2023-04-25",39.833,40.66,-0.786855594750498,1.00054742427662,0.255986663799618,-0.0624026763370296
"2023-04-26",38.551,39.18,-0.784318340160347,1.00053441686573,0.243514220184841,0.134379887361042
"2023-04-27",39.039,39.925,-0.784853067338073,1.00054162821767,0.245058137949395,-0.122771439252489
"2023-04-28",38.538,39.34,-0.783342034137443,1.00053840268675,0.238620601112521,-0.0398387275592285
"2023-05-01",38.834,38.91,-0.775916967192794,1.0004917120118,0.247117579651535,0.680784452813725
"2023-05-02",37.529,38.48,-0.781038519224853,1.00051494743849,0.476934339836528,-0.189776658208309
"2023-05-03",36.782,37.516,-0.782424573991616,1.00051850189303,0.416629602204962,0.0289724569725394
"2023-05-04",35.653,36.465,-0.786203820378122,1.00053328615592,0.361625295689087,-0.0452424592974907
"2023-05-05",36.574,37.235,-0.786337411524961,1.00053094599351,0.319035543926372,0.105567637456801
"2023-05-08",36.874,37.616,-0.788977521577446,1.00054105136159,0.269799615934814,0.0266253335599913
"2023-05-09",35.95,37,-0.797608944438885,1.00058183910496,0.27303912126099,-0.273919102444673
"2023-05-10",34.993,35.899,-0.805497662418773,1.00061449961854,0.272042480659536,-0.122562259387081
"2023-05-11",34.993,35.71,-0.806756331858677,1.00061752955017,0.255609903439136,0.067704351621984
"2023-05-12",32.767,33.589,-0.809761204859664,1.00062963804213,0.236029049358176,-0.0333877073373117
"2023-05-15",32.314,33.01,-0.812503127398091,1.00063681290567,0.2251281456559,0.0954819333819188
"2023-05-16",31.821,32.527,-0.811133189100444,1.00062956651937,0.208346329936787,0.0846552789249273
"2023-05-17",31.953,32.6,-0.810457246444211,1.00062312543874,0.207135889494908,0.143143357141291
"2023-05-18",29.785,30.57,-0.81244907223163,1.00063052711819,0.188055266595423,0.00817385822855599
"2023-05-19",30.176,30.82,-0.81119930185996,1.00062183646572,0.190669904311123,0.148034301986552
"2023-05-22",29.711,30.505,-0.814466804911305,1.00063450671182,0.178015143936507,0.00111117766725499
"2023-05-23",29.127,29.95,-0.817661024556384,1.00064803503641,0.173311119679371,-0.0247476247842222
"2023-05-24",27.785,28.5,-0.820625413130736,1.00065797158395,0.171012173129298,0.0868732229880784
"2023-05-25",25.452,26.185,-0.824015717230245,1.00066821184658,0.170896871022209,0.0735185900274473
"2023-05-26",24.52,25.122,-0.824404209523922,1.00066386729359,0.174903616259845,0.205726535374289
"2023-05-29",24.562,25.333,-0.827822270499507,1.00067541724225,0.173565706295504,0.0397119255015603
"2023-05-30",24.681,25.522,-0.831471223436448,1.00068563244778,0.173253487162456,-0.0270274878958858
"2023-05-31",26.852,27.511,-0.829837786828087,1.00067411946207,0.167335571525472,0.152292086307018
"2023-06-01",23.103,23.886,-0.825536215088504,1.00068961551719,0.160855027081363,0.0260640588447885
"2023-06-02",23.689,24.279,-0.822747999275236,1.00067388047509,0.166226663991895,0.216386855220584
"2023-06-05",28.478,29.09,-0.817566050052435,1.00066973188672,0.182652868354934,0.186083549467774
"2023-06-06",24.86,25.608,-0.817784264249539,1.0006621625539,0.175223454420994,0.0528276055692771
"2023-06-07",26.331,27.065,-0.817858332961622,1.00065298628424,0.165946238049422,0.0661852591786953
"2023-06-08",26.945,27.671,-0.817691902034323,1.00064122006969,0.15903084642182,0.0739487014859392
"2023-06-09",32.049,32.88,-0.819425736989593,1.00063448108461,0.153053417461168,-0.03243600107227
"2023-06-12",31.036,31.805,-0.819623505045162,1.00062862557172,0.143556344527518,0.030630068736464
"2023-06-13",36.051,36.797,-0.819722653686198,1.0006210429826,0.1387937843675,0.0508701350554475
"2023-06-14",38.312,38.949,-0.818672999798801,1.00060155304053,0.138797818724164,0.158243110423172
"2023-06-15",41.145,40.7,-0.806426374526357,1.00053626189133,0.163110593191551,1.22960051554916
"2023-06-16",35.008,35.697,-0.805676310372764,1.000515853179,0.312406120348552,0.0982618994420008
"2023-06-19",34.898,35.461,-0.803575507908624,1.00051246343645,0.306060198815477,0.222403041988812
"2023-06-20",38.708,39.47,-0.803232434634237,1.00050493365153,0.277803963943149,0.0213027034083026
"2023-06-21",36.743,37.294,-0.798922740880824,1.00041893920736,0.280398970780737,0.232298822081468
"2023-06-22",34.097,34.733,-0.79674507684062,1.00039354595328,0.271337703503113,0.147076045245491
"2023-06-23",32.507,33.02,-0.79591678896236,1.00043195808957,0.281519229956996,0.268653532844709
"2023-06-26",31.975,32.555,-0.79414302862468,1.00043145997999,0.27983243965456,0.20009684897601
"2023-06-27",34.506,34.855,-0.789743198946573,1.00040069308208,0.285092479232705,0.426777041570581
"2023-06-28",34.125,34.344,-0.783328149439627,1.00034339065128,0.317345607172464,0.552534740912193
"2023-06-29",35.18,35.461,-0.777850084899732,1.0002927194038,0.348354950010734,0.486469962121724
"2023-06-30",37.103,37.675,-0.775973492007192,1.00027798280104,0.36384660783708,0.193500489978142
"2023-07-03",33.929,34.585,-0.77455769839831,1.00023701351548,0.350078840217122,0.110360585965594
"2023-07-04",35.41,35.864,-0.771532004677849,1.00020076592169,0.341368932154258,0.310331735662182
"2023-07-05",34.373,34.92,-0.769191602725407,1.00014189021756,0.341695989732279,0.21723679632823
"2023-07-06",32.348,32.82,-0.765867712849908,1.00002700806721,0.329391221708605,0.292981308084144
"2023-07-07",33.478,33.884,-0.762728825998426,1.00001839376818,0.327693378962734,0.356105571557372
"2023-07-10",30.227,30.686,-0.758785269800454,0.999969766884673,0.347954044001551,0.300713003177393
"2023-07-11",29.061,29.54,-0.757052034496853,0.999972786547774,0.344132936505017,0.278855919875607
"2023-07-12",26.639,27.1,-0.758693981662813,1.00004204903473,0.336791379897224,0.296554452821685
"2023-07-13",26.607,27.057,-0.7572025418121,1.00005394822533,0.335492211750199,0.30574286467936
"2023-07-14",25.957,26.402,-0.753701257511259,1.00002367072203,0.336045444537076,0.308076303108116
"2023-07-17",25.101,25.6,-0.754299374901083,1.00006998819953,0.340265655751341,0.253507676993088
"2023-07-18",27.069,27.41,-0.749326065530406,1.00002424221166,0.321417756022287,0.407661586508702
"2023-07-19",26.963,27.41,-0.747056088322832,1.00001809273836,0.364360358231296,0.299560166364309
"2023-07-20",28.018,28.76,-0.7456894415545,0.999990146901683,0.352952390535302,0.00397281666210603
"2023-07-21",28.164,28.805,-0.743882704785203,0.999965916450892,0.299083089402083,0.103864481417254
"2023-07-24",30.557,30.875,-0.739179624483641,0.999922362280553,0.265660011278769,0.423576689071577
"2023-07-25",32.648,33.185,-0.736095817995651,0.999882031911406,0.334055315916219,0.203010589015634
"2023-07-26",29.275,29.95,-0.733059364760207,0.999828864441699,0.3090924405593,0.0631848747313235
"2023-07-27",28.434,28.872,-0.729006592917133,0.999784821337533,0.269606283237339,0.297219231259881
"2023-07-28",25.841,26.319,-0.729849878675635,0.999833227193649,0.290476868287632,0.256239172166005
"2023-07-31",28.366,28.79,-0.723669779100646,0.999752025151869,0.289633283109687,0.306808974978345
"2023-08-01",27.123,27.73,-0.722565006898325,0.999744878159501,0.306038015595075,0.122639535535367
"2023-08-02",28.742,29.05,-0.715823781024788,0.999665883171879,0.272310129279647,0.417529874881716
"2023-08-03",30.473,30.975,-0.707710503593266,0.99954697442995,0.332959575696869,0.219742970625571
"2023-08-04",28.853,29.344,-0.697712064894593,0.999397199804747,0.310577261406197,0.224400633824089
"2023-08-07",30.487,30.8,-0.682111749000744,0.999181872487676,0.294612523829443,0.394310076380318
"2023-08-08",31.066,31.8,-0.673085033704669,0.999033714641771,0.336049914893288,-0.0301870919036666
"2023-08-09",39.823,40.18,-0.652846192187389,0.998744614487802,0.296832289842939,0.346287582067497
"2023-08-10",37.056,37.585,-0.637458126855646,0.998524685139351,0.32385959781932,0.163907835893156
"2023-08-11",35.3,35.824,-0.573849440100887,0.997587976907615,0.303935701517881,0.136257755362479
"2023-08-14",34.434,34.727,-0.589544152852269,0.997866944985192,0.298618044138196,0.370618754351497
"2023-08-15",38.813,39.302,-0.610400731175932,0.998225180895471,0.284443003976484,0.191154671622144
"2023-08-16",37.784,38.09,-0.639899898737061,0.998753676998056,0.276109187847439,0.381372341881104
"2023-08-17",36.825,37.2,-0.64537613422101,0.99887196650842,0.300367476263714,0.312338980107782
"2023-08-18",36.41,36.704,-0.639223741650385,0.998797453577275,0.351967013422936,0.389362005550083
"2023-08-21",40.782,41,-0.63224130454195,0.998717704344626,0.396649071661358,0.466815426412261
"2023-08-22",42.908,43.196,-0.606858834919806,0.998315757407611,0.318552550134553,0.391611377940649
"2023-08-23",36.786,37.94,-0.596039770256556,0.998076352992466,0.343359060335801,-0.484977062277601
"2023-08-24",31.938,32.3,-0.527751533800073,0.99687510887478,0.492156038720374,0.26668551714468
"2023-08-25",34.777,35.312,-0.517959547996704,0.996704545931819,0.433040802055063,0.0993286220522975
"2023-08-28",38.414,38.625,-0.51771102719452,0.99674247052328,0.354589039283386,0.432533103232835
"2023-08-29",35.195,35.945,-0.510647785923457,0.996597911777734,0.410695595636531,-0.117064152927185
"2023-08-30",35.992,36.485,-0.494595072178399,0.996319743703118,0.352621957218,0.135869223170147
"2023-08-31",35.029,35.676,-0.490316993637589,0.996239783978173,0.313581754584642,-0.0225335395677106
"2023-09-01",35.617,35.86,-0.481437738093723,0.996104954943555,0.288337050803365,0.378114053817825
"2023-09-04",33.571,33.8,-0.47603874266471,0.996037620428101,0.361070258857693,0.380967172194907
"2023-09-05",34.449,34.9,-0.460146013633684,0.995747646234874,0.40423478725732,0.157553160036578
"2023-09-06",31.075,31.62,-0.456834060435836,0.995688187952506,0.339996270285156,0.0481735573775914
"2023-09-07",32.755,33.18,-0.447178258168118,0.995516199341921,0.308003706123128,0.170950764003187
"2023-09-08",34.508,35.037,-0.445957117952194,0.995499577020365,0.295525269417202,0.0746384378896678
"2023-09-11",35.848,36.486,-0.447465508469042,0.995527484175426,0.262330081384065,-0.0273502791555629
"2023-09-12",34.701,35.235,-0.451411373406562,0.995612407823062,0.243276116393663,0.072008183760957
"2023-09-13",36.817,37.211,-0.414915647939536,0.994936574441233,0.234298274357046,0.209330776406809
"2023-09-14",35.521,36.061,-0.393922775108098,0.994527068678779,0.270057144685064,0.0512821514826385
"2023-09-15",36.483,36.752,-0.394793505275221,0.994575175910005,0.244511836143963,0.325166640230698
"2023-09-18",34.475,34.933,-0.385170509408398,0.994389735592041,0.325644254986387,0.123153875971639
"2023-09-19",36.782,37.244,-0.381917838018157,0.994334961420914,0.27541783642918,0.130906534857637
"2023-09-20",37.284,37.714,-0.390325757811234,0.99452310276527,0.262615370446096,0.166881460121829
"2023-09-21",39.105,39.514,-0.370512605024717,0.994137273267536,0.260215491350069,0.193172389131298
"2023-09-22",39.791,40.28,-0.372576354329787,0.99419368559448,0.268526396422149,0.117454698584147
"2023-09-25",44.442,45,-0.366543457473973,0.994070823723682,0.257096195385944,0.0753563899082721
"2023-09-26",40.322,40.425,-0.365123588974226,0.994091841436453,0.248062045993691,0.500960898905639
"2023-09-27",39.296,39.36,-0.357400910022856,0.993981687947647,0.432423336960111,0.530281672403476
"2023-09-28",39.736,40.034,-0.351088683833622,0.993876006521107,0.513180124314467,0.298256638767633
"2023-09-29",41.859,42.22,-0.348328053046505,0.99384046987469,0.422742926042078,0.247383414937104
"2023-10-02",39.335,39.62,-0.346931002795851,0.993843924745852,0.363656005738708,0.305834704365196
"2023-10-03",36.987,37.3,-0.344149946082997,0.993807883674852,0.354929156822304,0.262115885011042
"2023-10-04",38.441,38.561,-0.339146900760626,0.993739706087799,0.335462451958177,0.460550094308992
"2023-10-05",36.207,36.625,-0.333556336465148,0.993623049718397,0.420233347296007,0.149112140528857
"2023-10-06",38.231,38.749,-0.335610427873172,0.993685914934009,0.341178040930354,0.0622749100952618
"2023-10-09",43.953,44.2,-0.333869383364154,0.993690091975466,0.277516639075653,0.365767318048569
"2023-10-10",49.455,49.534,-0.331394666298539,0.993693974254668,0.340680452433815,0.564757345567813
"2023-10-11",46.068,46.431,-0.334614468416237,0.993822704807457,0.448006670330303,0.258432461501187
"2023-10-12",53.002,53.195,-0.34451894186577,0.99415003826923,0.37527432945977,0.462707656134071
"2023-10-13",53.982,54.05,-0.355361311769389,0.994500132730385,0.420429446091032,0.584629137692055
"2023-10-16",48.467,48.7,-0.360560509696542,0.994670574946904,0.497049689557204,0.387103509782285
"2023-10-17",48.896,49.096,-0.363019996409272,0.994781354060475,0.453817999404563,0.419234637456185
"2023-10-18",50.833,51.014,-0.360306661579882,0.994760929656349,0.44232269756647,0.446572596090917
"2023-10-19",50.172,50.389,-0.365072094091055,0.994919087071865,0.45167595229322,0.404094215626849
"2023-10-20",51.112,51.377,-0.367282819774953,0.995015044464886,0.436997715784339,0.358394880302519
"2023-10-23",51.276,51.613,-0.367594380862812,0.995055301768399,0.403785244942267,0.285805090690417
"2023-10-24",49.264,49.965,-0.373794325323639,0.995202839443228,0.359481926669144,-0.0875155474572296
"2023-10-25",49.924,50.519,-0.377481550673182,0.995301055225026,0.282635187552454,0.0198675417601137
"2023-10-26",50.809,51.34,-0.377344943233602,0.995306849636712,0.22719474079395,0.0872912828848058
"2023-10-27",50.532,50.688,-0.379818840255829,0.995436351786266,0.233976607945071,0.455141040913553
"2023-10-30",50.547,51.064,-0.382903812449117,0.995526313607007,0.407039546286667,0.0943481344208834
"2023-10-31",48.006,48.417,-0.377906845345936,0.995422627155152,0.285096694431253,0.188529506374927
"2023-11-01",47.757,48.1,-0.388165143633868,0.995713674656087,0.277293441368554,0.251337392676078
"2023-11-02",48.564,49.089,-0.390367585540986,0.995778730341599,0.299894343806784,0.0725854918022222
"2023-11-03",48.057,48.632,-0.394250797979652,0.995879959996521,0.244569823147528,0.019616583428828
"2023-11-06",44.832,45.267,-0.38032011635387,0.99553996324935,0.232002255554683,0.147212599945519
"2023-11-07",46.057,46.412,-0.4001432347223,0.996058456419054,0.244119925080589,0.228078155401164
"2023-11-08",45.777,46.359,-0.395012283577558,0.995934187424752,0.271645554395038,0.00149928875347882
"2023-11-09",48.129,48.715,-0.395203838654725,0.995939614206646,0.236944695418728,0.00700553257797054
"2023-11-10",46.632,47.071,-0.399284213575611,0.996054743107459,0.226475171942534,0.145991400764387
"2023-11-13",47.873,48.234,-0.400093947715957,0.996097556999616,0.236084603038637,0.227324383396464
"2023-11-14",47.608,48.19,-0.396865314466341,0.996020501309437,0.259741668086991,0.00663735636455698
"2023-11-15",47.037,47.334,-0.379470416109987,0.995640139934733,0.22976999029596,0.288840032439346
"2023-11-16",45.849,46.37,-0.387174521846198,0.995828301356106,0.276399268284735,0.0596161879635702
"2023-11-17",45.064,45.551,-0.400242072833169,0.996148013390539,0.243798062899096,0.0887039148807389
"2023-11-20",45.821,46.223,-0.38363108285942,0.995768839722989,0.233373117414292,0.177208004343711
"2023-11-21",44.065,44.574,-0.378866654381716,0.9956620887838,0.241518232532448,0.0632247089326157
"2023-11-22",44.616,44.937,-0.357717811805143,0.995191120017148,0.224991339029609,0.252814451594553
"2023-11-23",46.834,47.31,-0.383237191999102,0.995804173776361,0.269728957671906,0.10574173063948
"2023-11-24",46.657,47.292,-0.383551430352594,0.995806621976502,0.242101837298335,-0.0531353361601319
"2023-11-27",43.984,44.782,-0.388823774928116,0.995909754558185,0.224713118811857,-0.226006853696539
"2023-11-28",42.774,43.28,-0.382442949804548,0.995764600798031,0.244074386124333,0.0597510272657615
"2023-11-29",40.36,40.918,-0.465790202290338,0.997743530145602,0.232244480497938,0.000120435792609896
"2023-11-30",42.091,42.694,-0.472295639583664,0.99789383929578,0.218219602185779,-0.0407839353103725
"2023-12-01",43.496,44.059,-0.515796024856904,0.998940924772773,0.200491793073432,-0.000542179706712886
"2023-12-04",40.104,40.568,-0.554707921230053,0.999893828371072,0.220207741672347,0.0950150918723978
"2023-12-05",38.133,38.712,-0.564527628774874,1.00013067966695,0.189931948036513,-0.0195312424921141
"2023-12-06",39.313,39.876,-0.576666688152561,1.00042852360344,0.186543953684127,-0.00342111905835907
"2023-12-07",39.968,40.529,-0.594036149131587,1.00085852340781,0.18381379689307,-0.001758946063525
"2023-12-08",38.598,39.059,-0.602378681128214,1.00107961396942,0.181426868559046,0.0992100390967181
"2023-12-11",36.118,36.607,-0.623169546811963,1.00161335986221,0.17935067033031,0.0751092823359798
"2023-12-12",34.703,35.3,-0.658674241930207,1.00250920205324,0.17441558825214,-0.0269005905492534
"2023-12-13",35.812,36.574,-0.682946056650725,1.00310040608475,0.174871561113975,-0.192448195492801
"2023-12-14",34.85,35.507,-0.710688157719198,1.00378944184093,0.170847390696298,-0.0808635537268785
"2023-12-15",33.189,33.89,-0.571741688697005,1.00018419409978,0.195629845539941,-0.135500649344536
"2023-12-18",35.522,36.091,-0.541567847342431,0.999410864750654,0.193204561543607,-0.00616967237343857
"2023-12-19",32.568,33.377,-0.557946471530005,0.9998020770616,0.186763959637017,-0.244447454555022
"2023-12-20",33.521,34.17,-0.556823082856015,0.999760326989555,0.212206306497691,-0.0839872903770811
"2023-12-21",34.203,34.906,-0.546649294173759,0.999478914931361,0.197679338907219,-0.138161710420334
"2023-12-22",34.174,34.784,-0.544361949489263,0.999413231915598,0.196535587157931,-0.0452279094628878
"2023-12-25",34.6203333333333,35.236,-0.528920307501516,0.999007576192792,0.185200840558953,-0.0517773138944051
"2023-12-26",35.0666666666667,35.688,-0.526435960334285,0.998935605872651,0.180392084779547,-0.0569112753821912
"2023-12-27",35.513,36.14,-0.522686455329918,0.998828275372404,0.177883675818635,-0.0619674166287538
"2023-12-28",33.105,33.775,-0.527789255500332,0.99894848931442,0.167165853292119,-0.106695971094211
"2023-12-29",32.35,32.606,-0.529487718888028,0.999036910146929,0.185152789317859,0.304890226637248
"2024-01-01",31.461,31.9015,-0.526175870761525,0.998965108617606,0.202549740274817,0.118690458196962
"2024-01-02",30.572,31.197,-0.523752566481016,0.998888515598082,0.194461100553377,-0.0665724546323574
"2024-01-03",32.795,33.313,-0.532425907677212,0.999128572389882,0.184634078751375,0.043455775653058
"2024-01-04",33.41,34.08,-0.545367001044176,0.999464071189174,0.177444435639063,-0.106368545082873
"2024-01-05",34.551,35.161,-0.555017830751398,0.999714550079528,0.173984071409605,-0.0449454645948748
"2024-01-08",31.58,32.067,-0.578716565629574,1.00035594470264,0.167257385586247,0.0803024868499165
"2024-01-09",30.641,31.194,-0.591807137796327,1.00071688197526,0.162512616172031,0.0164447214601999
"2024-01-10",30.942,31.461,-0.597449483961652,1.00088130676766,0.155332951856563,0.0507226917442374
"2024-01-11",30.817,31.353,-0.607179576914646,1.00115973798728,0.149329255407309,0.0348183117995369
"2024-01-12",31.991,31.353,-0.583054355368672,1.00068901685047,0.167092964572704,1.19945161005591
"2024-01-15",29.923,30.486,-0.587624184728823,1.00081695540215,0.416834584755325,-0.000281517661189667
"2024-01-16",29.656,30.207,-0.591914524878821,1.000937792467,0.368794544778993,0.0125866278281954
"2024-01-17",27.708,28.219,-0.596465231960797,1.00107197290789,0.336187431272477,0.0552152284731697
"2024-01-18",27.893,28.509,-0.599519538851609,1.00114812840843,0.310540524531032,-0.0492124539443672
"2024-01-19",28.429,29.03,-0.60888001538348,1.00140180992394,0.291004528964163,-0.0328145267086057
"2024-01-22",27.264,27.821,-0.614592979195914,1.00156256480194,0.275350675876486,0.0141208638411712
"2024-01-23",27.227,27.824,-0.628106171618589,1.00193785478571,0.26349315475175,-0.0228126999390383
"2024-01-24",28.929,29.493,-0.622761658796876,1.00178665404016,0.170225985513609,0.00606787119038188
"2024-01-25",27.784,28.382,-0.630632913986818,1.00200746118362,0.167831039538521,-0.0243428493267892
"2024-01-26",28.079,28.68,-0.629423574248328,1.00196777146799,0.165372384899226,-0.0280121114535596
"2024-01-29",28.174,28.792,-0.648334814476123,1.00250583588328,0.162333995550874,-0.0418132122753079
"2024-01-30",29.391,29.967,-0.653167165365175,1.0026448603693,0.159930743094993,-0.00209136532156151
"2024-01-31",30.235,30.831,-0.653465985032497,1.00264937437276,0.157378456229301,-0.024216876254048
"2024-02-01",28.991,29.5,-0.662661408465924,1.00292785679701,0.155683337458188,0.0672896329540542
"2024-02-02",29.304,29.716,-0.661300049367355,1.00292093926426,0.155297928425475,0.162501418190615
"2024-02-05",28.341,28.871,-0.662616622829036,1.00296956942793,0.153254969131337,0.0468821838751694
"2024-02-06",28.607,29.099,-0.665846043387183,1.00308461446543,0.151943837608519,0.0840868470575842
"2024-02-07",28.186,28.686,-0.663234390307708,1.00302301823838,0.150194976704478,0.0765160891215153
"2024-02-08",27.812,28.289,-0.659662981422392,1.00293791459017,0.148775966078181,0.0995523155811817
"2024-02-09",27.117,27.467,-0.652984879084254,1.00278797636339,0.149323077144719,0.226407532310901
"2024-02-12",25.729,26.078,-0.655543157819848,1.00292491494602,0.150164787335571,0.230267225857656
"2024-02-13",25.436,25.746,-0.650691704441567,1.00284771332265,0.151696656522711,0.267374477236693
"2024-02-14",24.857,25.165,-0.648688524971473,1.00285819794057,0.153242199161963,0.268761973796956
"2024-02-15",24.966,25.323,-0.642408020008224,1.00272246460939,0.153609540899658,0.216467048704555
"2024-02-16",24.822,25.141,-0.637131692700628,1.00263209141222,0.154851708959843,0.251958282505893
"2024-02-19",23.704,24.088,-0.631395220574002,1.00251583372818,0.155070980831307,0.186793817729519
"2024-02-20",24.168,24.485,-0.622640029719409,1.00231463042072,0.162433968975509,0.24896630386813
"2024-02-21",23.977,24.393,-0.618567928476477,1.0022357128634,0.164462987837175,0.148032184599607
"2024-02-22",23.193,23.607,-0.613084155964398,1.00210774764778,0.163744051675565,0.14932655724321
"2024-02-23",22.934,23.329,-0.593738059794634,1.00156652594276,0.154692479095947,0.162192576076063
"2024-02-26",24.009,24.303,-0.610645027703065,1.00214032871353,0.155405592486078,0.264628618978087
"2024-02-27",24.392,24.671,-0.603536019663015,1.00199446450516,0.156571515443183,0.275330585856135
"2024-02-28",25.619,25.856,-0.594739808822381,1.00179918980181,0.157908507150582,0.311219957306701
"2024-02-29",24.865,25.19,-0.588861808910342,1.00167292214992,0.158103588460431,0.221720899953908
"2024-03-01",25.809,25.928,-0.578715956519409,1.00146551267785,0.160860805090657,0.421718143808221
"2024-03-04",26.885,27.116,-0.571297272010991,1.00131947404096,0.170251056837628,0.30451841391633
"2024-03-05",27.468,27.702,-0.565645217275619,1.00121519524032,0.178928894286233,0.297981878728216
"2024-03-06",26.572,26.857,-0.561899435385277,1.00118367840169,0.314929684411102,0.245109384551032
"2024-03-07",25.992,26.177,-0.552433748872143,1.00096607298114,0.289044679783527,0.342144856444836
"2024-03-08",26.392,26.595,-0.544971869717369,1.00081336275307,0.315722324989661,0.320340487299543
"2024-03-11",24.93,25.246,-0.538808774044737,1.00066862728597,0.320346571842099,0.205928609583228
"2024-03-12",24.775,25.095,-0.536195707887119,1.00064593074057,0.279489433015496,0.199986075952456
"2024-03-13",24.903,25.178,-0.531693113932564,1.00057023718926,0.253322992000969,0.242335681981263
"2024-03-14",26.049,26.364,-0.52565493742895,1.00042113952748,0.253926013234389,0.199552014926471
"2024-03-15",27.026,27.339,-0.526270313307245,1.00048327231428,0.237670875879485,0.20005813150712
"2024-03-18",28.822,29.159,-0.523379233511573,1.00042389915257,0.226910157551126,0.174018758121868
"2024-03-19",28.866,29.17,-0.536696593280001,1.00089412723239,0.215917031549866,0.206614901911315
"2024-03-20",27.742,28.017,-0.533184253245507,1.00083248984721,0.222269428364338,0.234860385196281
"2024-03-21",26.402,26.634,-0.530214874458513,1.00080843144575,0.240414493422076,0.276683111332439
"2024-03-22",27.776,27.959,-0.52621798722573,1.00075359626708,0.270207941391704,0.322148189194554
"2024-03-25",28.489,28.765,-0.523894295370284,1.00072831642356,0.305532193343226,0.226944273446641
"2024-03-26",27.132,27.407,-0.519697357425428,1.00064291398971,0.274540884366361,0.22707701370943
"2024-03-27",27.687,27.84,-0.516855190008255,1.00063433839244,0.25821549434082,0.346195209162847
"2024-03-28",27.34,27.545,-0.515059801024588,1.00065290424166,0.314641660754725,0.292075553687987
"2024-03-29",26.961,27.1903333333333,-0.513276042466695,1.00067132876675,0.304349148935974,0.265689056189238
"2024-04-01",26.582,26.8356666666667,-0.513914454396659,1.00077084776089,0.289705504161346,0.239561574167833
"2024-04-02",26.203,26.481,-0.509459692365742,1.00067473727517,0.269424475301532,0.213591974582037
"2024-04-03",25.563,25.682,-0.505787935024635,1.00067239566846,0.248232306403736,0.369519469467313
"2024-04-04",26.206,26.412,-0.504391377100857,1.00071540191124,0.332766123679459,0.279496181821155
"2024-04-05",26.606,26.776,-0.499578953731628,1.00064076445612,0.308346149937665,0.312421844654551
"2024-04-08",27.908,28.125,-0.497460365099905,1.00064438713544,0.314628481475654,0.262336976915623
"2024-04-09",27.351,27.524,-0.494731049975171,1.00064209242631,0.294296232237827,0.304058098033536
"2024-04-10",27.1,27.237,-0.488337568921439,1.00051499466401,0.303899559119359,0.337310659257682
"2024-04-11",29.377,29.536,-0.487107391300874,1.00056419531499,0.329327847264857,0.311443318477327
"2024-04-12",30.732,30.866,-0.485435867817989,1.00059374663086,0.326197899132297,0.333109284309931
"2024-04-15",31.143,31.125,-0.476739197773129,1.00035290524258,0.333369723558266,0.483755022097675
"2024-04-16",33.139,33.24,-0.477126912599579,1.00046306618662,0.434391015515847,0.360734592556213
"2024-04-17",31.289,31.391,-0.473973213427252,1.00044522060225,0.393497586579127,0.357997293502109
"2024-04-18",32.309,32.448,-0.471520408991607,1.0004523798312,0.379406213389298,0.317841588228781
"2024-04-19",30.758,30.877,-0.467852522671322,1.00040909356457,0.347155203434446,0.336220940678032
"2024-04-22",29.31,29.423,-0.463477840345703,1.00035537662776,0.338887715977942,0.340021593827213
"2024-04-23",28.417,28.546,-0.459130062376632,1.00033638484108,0.337365263094217,0.320527620703199
"2024-04-24",29.018,29.147,-0.453770480387942,1.00027098878989,0.330244734010303,0.316871970129046
"2024-04-25",29.771,29.851,-0.448211346380686,1.00018330289875,0.32172565342878,0.362739571549984
"2024-04-26",28.886,28.965,-0.439901949606733,1.00002756131118,0.344488411679431,0.360103636228331
"2024-04-29",27.994,28.04,-0.430583440599435,0.999831297282345,0.351137459369765,0.389313864802496
"2024-04-30",29.118,29.122,-0.421300159004753,0.999641980633407,0.369620098957162,0.427726398998683
"2024-05-01",28.73,30.0555,-0.432218504876012,0.999881729357034,0.417878386834051,-0.889726811814324
"2024-05-02",30.913,30.989,-0.423461826664295,0.999708651737134,0.722667182213403,0.356490417982236
"2024-05-03",30.528,30.598,-0.416231797863097,0.999564400441391,0.546299172725022,0.359560273157417
"2024-05-06",31.801,31.778,-0.406976134767424,0.999389445154044,0.458116343301867,0.449378346662201
"2024-05-07",31.067,31.011,-0.395545289686159,0.999158197695683,0.454510998952657,0.477650420945341
"2024-05-08",30.609,30.601,-0.384706983304288,0.998926218743781,0.464646561363491,0.425565763525853
"2024-05-09",30.865,30.841,-0.371631362218448,0.998633377783436,0.446188281874622,0.43777935799951
"2024-05-10",30.029,29.993,-0.359900034796378,0.998366239569984,0.439909699200829,0.444901411373838
"2024-05-13",29.578,29.54,-0.343187757275353,0.997973905009797,0.439804177473386,0.441038603285957
"2024-05-14",29.669,29.713,-0.32610893104464,0.997569863446303,0.443328623336286,0.354315578464639
"2024-05-15",29.734,29.76,-0.314815391559897,0.997315096714062,0.405108986890351,0.368718113349413
"2024-05-16",30.248,30.198,-0.296164305932481,0.996870839438293,0.39066491326181,0.440658696574921
"2024-05-17",30.769,30.785,-0.284816488352125,0.996609737726333,0.416311086493779,0.373185712446961
"2024-05-20",31.768,31.864,-0.27776607602026,0.996465739281381,0.39985184664987,0.294381759558338
"2024-05-21",33.004,33.028,-0.264941286427697,0.996180133406719,0.358763942219172,0.36710384027058
"2024-05-22",34.389,34.352,-0.254752080540836,0.995976975904508,0.364640062266621,0.429951004269185
"2024-05-23",35.228,35.395,-0.246650328572545,0.995810347838464,0.395918863715117,0.2279430668301
"2024-05-24",34.115,34.103,-0.24106431106817,0.995746696674206,0.339385263243218,0.398114714387738
"2024-05-27",35.243,35.178,-0.235790945738836,0.995692165156016,0.366526200893134,0.452331959880496
"2024-05-28",33.534,33.566,-0.234304565024423,0.995730292309553,0.401428011315648,0.34562157336196
"2024-05-29",33.879,33.713,-0.232911417420563,0.995780506176392,0.383319883500714,0.541163212695857
"2024-05-30",35.192,34.932,-0.220777660954469,0.995403638060254,0.454380063076907,0.641337776233676
"2024-05-31",34.223,34.345,-0.219501063928365,0.995431724908297,0.529362164740519,0.254398471952889
"2024-06-03",36.014,35.958,-0.219265344858093,0.995497085343947,0.449617157526817,0.437181150060447
"2024-06-04",33.797,33.851,-0.220894492124,0.995623856272695,0.446124531078001,0.31503133343702
"2024-06-05",33.355,33.322,-0.21879788270263,0.995628797526169,0.406628386627227,0.397455091535626
"2024-06-06",33.686,33.662,-0.215706996813069,0.995615134928434,0.404920896327268,0.38731032485213
"2024-06-07",33.109,33.114,-0.211977183140527,0.995565788318644,0.399628022652179,0.353811668756947
"2024-06-10",34.258,34.212,-0.208207865444184,0.99552983834493,0.383052826915154,0.407141035987422
"2024-06-11",34.285,34.28,-0.206691510768221,0.995526620010246,0.395139999516411,0.365038976816983
"2024-06-12",35.294,35.339,-0.206786043004779,0.995550131294426,0.388544882993652,0.319039953191051
"2024-06-13",35.724,35.781,-0.206771747923384,0.995575941288084,0.370048975247858,0.308068992694452
"2024-06-14",35.36,35.471,-0.207387995789235,0.995646381115185,0.347735337159274,0.250815211252522
"2024-06-17",34.21,34.25,-0.204994523128502,0.995648263277138,0.318486822245601,0.314041505886536
"2024-06-18",34.7,34.715,-0.203927248998734,0.995667721457809,0.318122159710013,0.339322298590901
"2024-06-19",35.338,35.339,-0.202906489223195,0.995701778359908,0.328487811114349,0.35380134376242
"2024-06-20",34.464,34.502,-0.200727179379291,0.995689723586796,0.340266128405152,0.311440336187651
"2024-06-21",33.936,33.959,-0.198767352890917,0.995677315707561,0.33262231314778,0.322561388777842
"2024-06-24",34.08,34.085,-0.195393919217408,0.995633736773545,0.331233237752836,0.339218001291115
"2024-06-25",34.853,34.915,-0.192044482073805,0.995587601598699,0.335929269516448,0.284103372255217
"2024-06-26",33.824,33.91,-0.187199858705864,0.995493972553674,0.322138966938817,0.253999249410775
"2024-06-27",34.565,34.335,-0.181401600559374,0.995408469337729,0.304562410006293,0.569051805848467
"2024-06-28",34.48,34.48,-0.176403042490402,0.995319477545835,0.397041169401995,0.337787456710018
"2024-07-01",33.485,33.503,-0.168638415746604,0.99515462269762,0.38123220664989,0.312973091508255
"2024-07-02",33.685,33.725,-0.165904442220515,0.995113890174651,0.365348154729916,0.290688496080399
"2024-07-03",32.691,32.71,-0.1597100744801,0.994987254684824,0.346797833925103,0.304676973739518
"2024-07-04",33.246,33.306,-0.149063680723419,0.994761007845277,0.335596314057965,0.263553553428636
"2024-07-05",33.067,33.047,-0.139520671829621,0.994564257651364,0.318076511818869,0.339155649225013
"2024-07-08",32.286,32.26,-0.135829143124266,0.994498240570435,0.325247846613085,0.339315902322035
"2024-07-09",31.335,31.347,-0.130308942444513,0.994398254114754,0.330001062797616,0.293906870709307
"2024-07-10",30.784,30.796,-0.119870408153355,0.994173852123573,0.320595186247008,0.287292458155793
"2024-07-11",31.112,31.144,-0.113311878908821,0.994032862355981,0.312988623782608,0.267152413694149
"2024-07-12",31.719,31.742,-0.104431693086849,0.99383281394913,0.301730561811924,0.27719051271357
"2024-07-15",31.371,31.372,-0.0977340028515795,0.993690211174977,0.29617597079356,0.294684697870203
"2024-07-16",32.797,32.852,-0.0877713184443959,0.993470307685833,0.296301583446636,0.247284770349417
"2024-07-17",31.893,31.918,-0.0840245725687103,0.993397087439707,0.284975464040639,0.269776335668148
"2024-07-18",32.674,32.698,-0.0783639157895987,0.99329035160212,0.282166762268419,0.273755999103471
"2024-07-19",32.17,32.221,-0.0716642547176675,0.993150247833479,0.281430838274255,0.241370119275132
"2024-07-22",31.839,31.844,-0.0678218121700069,0.993075865171034,0.271861664181687,0.283313961663588
"2024-07-23",31.622,31.612,-0.0587307929369314,0.992899537847519,0.277437418424592,0.293190602501173
"2024-07-24",32.621,32.704,-0.0569087436671225,0.9928724792113,0.286624383043791,0.207007183540767
"2024-07-25",31.779,31.799,-0.0546093219908505,0.992860118410147,0.264895545321424,0.261650416666583
"2024-07-26",32.475,32.505,-0.0519092542741663,0.992836481497349,0.266871231658222,0.25475942320282
"2024-07-29",33.873,33.898,-0.0503067968510804,0.992820482232618,0.266068553089047,0.268678090129804
"2024-07-30",34.361,34.389,-0.0504571951217355,0.992874014797436,0.26918125525687,0.267512700252695
"2024-07-31",35.868,35.92,-0.0502708504029166,0.992896198233457,0.270905810435018,0.253439409857158
"2024-08-01",36.969,37.017,-0.0511659706401815,0.99295970219894,0.267822605095344,0.263776674342012
"2024-08-02",36.649,36.694,-0.0516039609605911,0.993001126037398,0.268992529663895,0.263420642144318
"2024-08-05",35.498,35.543,-0.0495973054105163,0.992958701228282,0.270439398752335,0.254866187653683
"2024-08-06",36.676,36.664,-0.0488716711184951,0.992967103064643,0.268043264824207,0.318725804356447
"2024-08-07",38.451,38.51,-0.0552207611747238,0.993277969913379,0.286961637462783,0.255086139810501
"2024-08-08",40.095,40.145,-0.0574353083443906,0.993384150971239,0.277757020948467,0.27302856760398
"2024-08-09",40.396,40.465,-0.0600641963077862,0.993517878606918,0.277567270447714,0.253363238478848
"2024-08-12",39.658,39.769,-0.0614840340787883,0.993571299001444,0.272098378201308,0.206147044090365
"2024-08-13",39.48,39.604,-0.0631880027572066,0.993695505862507,0.250238529793841,0.188871188578489
"2024-08-14",38.967,39.025,-0.0654449846701464,0.993812719630879,0.231759203087138,0.248903601075106
"2024-08-15",39.601,39.624,-0.0678061547671275,0.993955667285683,0.240280405328014,0.284306794239221
"2024-08-16",39.644,39.653,-0.0707413967072791,0.994069947774217,0.261136115757327,0.296885757616266
"2024-08-19",39.845,39.893,-0.0736875163000557,0.99417987444722,0.278199073132891,0.257869784977103
"2024-08-20",37.957,37.989,-0.0743993742857259,0.994250732448448,0.272973942685838,0.260808299301651
"2024-08-21",37.01,37.042,-0.0713653575460483,0.994226051081676,0.270853654653898,0.253243973378616
"2024-08-22",36.587,36.552,-0.070324283655344,0.994251283412652,0.266854381966166,0.31545137235608
"2024-08-23",36.863,36.883,-0.0699831147752732,0.99430126749752,0.2888848154538,0.260169465664241
"2024-08-26",37.656,37.683,-0.0712996598590697,0.994410233932143,0.27964075996978,0.254938814594134
"2024-08-27",38.689,38.586,-0.0731080200024299,0.994537661818175,0.272052249844744,0.386877801086321
"2024-08-28",38.52,38.608,-0.0747062304317027,0.994619683043413,0.323570968668476,0.194429507491606
"2024-08-29",38.601,38.645,-0.0761450403333979,0.994719664178002,0.283084345655047,0.236203618174528
"2024-08-30",39.823,39.944,-0.0778243808182856,0.994786863083994,0.269619568259316,0.165057921791238
