Date,HIGH,LOW,OPEN,CLOSE,VOLUME,ticker
2015-01-02,,,,20.21,,PNCGQc1
2015-01-05,,,,19.953,,PNCGQc1
2015-01-06,,,,19.202,,PNCGQc1
2015-01-07,,,,19.379,,PNCGQc1
2015-01-08,,,,19.496,,PNCGQc1
2015-01-09,,,,19.42,,PNCGQc1
2015-01-12,,,,19.553,,PNCGQc1
2015-01-13,,,,19.91,,PNCGQc1
2015-01-14,,,,19.805,,PNCGQc1
2015-01-15,,,,19.736,,PNCGQc1
2015-01-16,,,,19.461,,PNCGQc1
2015-01-19,,,,19.112,,PNCGQc1
2015-01-20,,,,19.161,,PNCGQc1
2015-01-21,,,,19.35,,PNCGQc1
2015-01-22,,,,19.375,,PNCGQc1
2015-01-23,,,,19.474,,PNCGQc1
2015-01-26,,,,19.529,,PNCGQc1
2015-01-27,,,,19.797,,PNCGQc1
2015-01-28,,,,19.944,,PNCGQc1
2015-01-29,,,,20.319,,PNCGQc1
2015-01-30,,,,19.922,,PNCGQc1
2015-02-02,20.1,20.1,20.1,20.12,10,PNCGQc1
2015-02-03,,,,20.133,,PNCGQc1
2015-02-04,,,,20.328,,PNCGQc1
2015-02-05,,,,21.176,,PNCGQc1
2015-02-06,,,,21.124,,PNCGQc1
2015-02-09,,,,21.315,,PNCGQc1
2015-02-10,,,,22.114,,PNCGQc1
2015-02-11,,,,22.515,,PNCGQc1
2015-02-12,,,,23.413,,PNCGQc1
2015-02-13,,,,22.821,,PNCGQc1
2015-02-16,,,,22.29,,PNCGQc1
2015-02-17,,,,22.17,,PNCGQc1
2015-02-18,,,,22.391,,PNCGQc1
2015-02-19,,,,21.635,,PNCGQc1
2015-02-20,21.925,21.925,21.925,21.897,15,PNCGQc1
2015-02-23,,,,21.55,,PNCGQc1
2015-02-24,,,,21.995,,PNCGQc1
2015-02-25,,,,22.537,,PNCGQc1
2015-02-26,,,,22.747,,PNCGQc1
2015-02-27,,,,22.69,,PNCGQc1
2015-03-02,,,,22.181,,PNCGQc1
2015-03-03,,,,21.791,,PNCGQc1
2015-03-04,,,,22.064,,PNCGQc1
2015-03-05,,,,21.286,,PNCGQc1
2015-03-06,21.15,21.15,21.15,21.183,15,PNCGQc1
2015-03-09,,,,21.61,,PNCGQc1
2015-03-10,21.55,21.55,21.55,21.563,15,PNCGQc1
2015-03-11,21.925,21.925,21.925,21.976,20,PNCGQc1
2015-03-12,21.7,21.65,21.65,21.643,20,PNCGQc1
2015-03-13,21.5,21.5,21.5,21.468,10,PNCGQc1
2015-03-16,,,,21.24,,PNCGQc1
2015-03-17,21.15,21.15,21.15,21.073,10,PNCGQc1
2015-03-18,,,,21.276,,PNCGQc1
2015-03-19,,,,21.168,,PNCGQc1
2015-03-20,21.125,20.875,20.875,21.099,20,PNCGQc1
2015-03-23,,,,20.934,,PNCGQc1
2015-03-24,,,,21.209,,PNCGQc1
2015-03-25,,,,21.195,,PNCGQc1
2015-03-26,,,,21.813,,PNCGQc1
2015-03-27,22.0,22.0,22.0,21.88,5,PNCGQc1
2015-03-30,,,,21.562,,PNCGQc1
2015-03-31,,,,21.425,,PNCGQc1
2015-04-01,,,,21.88,,PNCGQc1
2015-04-02,21.875,21.875,21.875,21.65,30,PNCGQc1
2015-04-07,,,,21.477,,PNCGQc1
2015-04-08,21.6,21.6,21.6,21.603,5,PNCGQc1
2015-04-09,,,,21.738,,PNCGQc1
2015-04-10,21.5,21.5,21.5,21.674,60,PNCGQc1
2015-04-13,21.825,21.5,21.5,22.007,395,PNCGQc1
2015-04-14,,,,21.509,,PNCGQc1
2015-04-15,,,,21.697,,PNCGQc1
2015-04-16,,,,21.568,,PNCGQc1
2015-04-17,21.25,21.25,21.25,21.122,30,PNCGQc1
2015-04-20,,,,21.156,,PNCGQc1
2015-04-21,,,,21.285,,PNCGQc1
2015-04-22,,,,21.212,,PNCGQc1
2015-04-23,,,,21.004,,PNCGQc1
2015-04-24,,,,21.175,,PNCGQc1
2015-04-27,,,,20.916,,PNCGQc1
2015-04-28,,,,20.897,,PNCGQc1
2015-04-29,,,,20.933,,PNCGQc1
2015-04-30,,,,20.642,,PNCGQc1
2015-05-05,20.45,20.45,20.45,20.462,30,PNCGQc1
2015-05-06,,,,20.534,,PNCGQc1
2015-05-07,,,,20.32,,PNCGQc1
2015-05-08,,,,20.491,,PNCGQc1
2015-05-11,,,,21.186,,PNCGQc1
2015-05-12,,,,20.965,,PNCGQc1
2015-05-13,20.85,20.85,20.85,20.891,5,PNCGQc1
2015-05-14,,,,20.725,,PNCGQc1
2015-05-15,,,,20.67,,PNCGQc1
2015-05-18,,,,20.501,,PNCGQc1
2015-05-19,,,,20.556,,PNCGQc1
2015-05-20,,,,20.723,,PNCGQc1
2015-05-21,,,,20.579,,PNCGQc1
2015-05-22,,,,20.571,,PNCGQc1
2015-05-26,,,,20.604,,PNCGQc1
2015-05-27,,,,20.6,,PNCGQc1
2015-05-28,20.7,20.675,20.7,20.653,60,PNCGQc1
2015-05-29,,,,20.5,,PNCGQc1
2015-06-01,,,,20.309,,PNCGQc1
2015-06-02,,,,20.285,,PNCGQc1
2015-06-03,,,,20.296,,PNCGQc1
2015-06-04,,,,20.249,,PNCGQc1
2015-06-05,20.175,20.175,20.175,20.278,60,PNCGQc1
2015-06-08,,,,20.48,,PNCGQc1
2015-06-09,20.6,20.6,20.6,20.576,15,PNCGQc1
2015-06-10,20.625,20.625,20.625,20.656,30,PNCGQc1
2015-06-11,,,,20.228,,PNCGQc1
2015-06-12,,,,20.187,,PNCGQc1
2015-06-15,20.3,20.3,20.3,20.18,120,PNCGQc1
2015-06-16,,,,20.41,0,PNCGQc1
2015-06-17,20.3,20.3,20.3,20.32,10,PNCGQc1
2015-06-18,20.35,20.25,20.25,20.259,80,PNCGQc1
2015-06-19,,,,20.525,0,PNCGQc1
2015-06-22,,,,20.809,0,PNCGQc1
2015-06-23,,,,20.738,0,PNCGQc1
2015-06-24,,,,20.78,0,PNCGQc1
2015-06-25,,,,20.651,0,PNCGQc1
2015-06-26,20.65,20.65,20.65,20.72,120,PNCGQc1
2015-06-29,,,,21.536,0,PNCGQc1
2015-06-30,21.6,21.6,21.6,21.649,5,PNCGQc1
2015-07-01,,,,21.74,0,PNCGQc1
2015-07-02,,,,21.86,0,PNCGQc1
2015-07-03,,,,21.84,0,PNCGQc1
2015-07-06,,,,21.66,0,PNCGQc1
2015-07-07,,,,21.55,0,PNCGQc1
2015-07-08,21.325,21.325,21.325,21.33,5,PNCGQc1
2015-07-09,,,,21.57,0,PNCGQc1
2015-07-10,,,,21.69,0,PNCGQc1
2015-07-13,,,,21.79,0,PNCGQc1
2015-07-14,,,,21.6,0,PNCGQc1
2015-07-15,,,,21.71,0,PNCGQc1
2015-07-16,,,,21.81,0,PNCGQc1
2015-07-17,,,,21.86,0,PNCGQc1
2015-07-20,,,,21.62,0,PNCGQc1
2015-07-21,21.55,21.55,21.55,21.51,5,PNCGQc1
2015-07-22,,,,21.48,0,PNCGQc1
2015-07-23,,,,21.29,0,PNCGQc1
2015-07-24,,,,21.28,0,PNCGQc1
2015-07-27,,,,21.16,0,PNCGQc1
2015-07-28,,,,21.39,0,PNCGQc1
2015-07-29,,,,21.38,0,PNCGQc1
2015-07-30,,,,21.52,0,PNCGQc1
2015-07-31,,,,21.18,0,PNCGQc1
2015-08-03,,,,20.94,0,PNCGQc1
2015-08-04,,,,20.82,0,PNCGQc1
2015-08-05,,,,20.83,0,PNCGQc1
2015-08-06,,,,20.91,0,PNCGQc1
2015-08-07,,,,20.72,0,PNCGQc1
2015-08-10,,,,20.81,0,PNCGQc1
2015-08-11,,,,20.72,0,PNCGQc1
2015-08-12,20.55,20.55,20.55,20.33,10,PNCGQc1
2015-08-13,20.575,20.575,20.575,20.33,30,PNCGQc1
2015-08-14,,,,20.39,0,PNCGQc1
2015-08-17,,,,20.3,0,PNCGQc1
2015-08-18,,,,20.42,0,PNCGQc1
2015-08-19,,,,20.1,0,PNCGQc1
2015-08-20,,,,19.95,0,PNCGQc1
2015-08-21,,,,19.83,0,PNCGQc1
2015-08-24,,,,19.34,0,PNCGQc1
2015-08-25,,,,19.75,0,PNCGQc1
2015-08-26,19.6,19.6,19.6,19.54,3,PNCGQc1
2015-08-27,,,,19.84,0,PNCGQc1
2015-08-28,,,,19.92,0,PNCGQc1
2015-09-01,,,,20.03,0,PNCGQc1
2015-09-02,,,,19.99,0,PNCGQc1
2015-09-03,,,,20.19,0,PNCGQc1
2015-09-04,,,,19.97,0,PNCGQc1
2015-09-07,20.1,20.1,20.1,19.77,30,PNCGQc1
2015-09-08,19.85,19.85,19.85,19.9,10,PNCGQc1
2015-09-09,,,,19.87,0,PNCGQc1
2015-09-10,,,,19.87,0,PNCGQc1
2015-09-11,,,,19.75,0,PNCGQc1
2015-09-14,19.9,19.9,19.9,19.63,5,PNCGQc1
2015-09-15,,,,19.51,0,PNCGQc1
2015-09-16,,,,19.69,0,PNCGQc1
2015-09-17,,,,19.49,0,PNCGQc1
2015-09-18,,,,19.33,0,PNCGQc1
2015-09-21,,,,19.27,0,PNCGQc1
2015-09-22,,,,19.34,0,PNCGQc1
2015-09-23,,,,19.26,0,PNCGQc1
2015-09-24,,,,19.09,0,PNCGQc1
2015-09-25,,,,19.2,0,PNCGQc1
2015-09-28,,,,18.91,0,PNCGQc1
2015-09-29,,,,19.14,0,PNCGQc1
2015-09-30,19.2,19.15,19.2,19.12,30,PNCGQc1
2015-10-01,,,,18.91,0,PNCGQc1
2015-10-02,18.725,18.725,18.725,18.61,20,PNCGQc1
2015-10-05,18.9,18.9,18.9,18.88,2,PNCGQc1
2015-10-06,19.375,19.375,19.375,19.55,20,PNCGQc1
2015-10-07,19.4,19.175,19.4,19.13,120,PNCGQc1
2015-10-08,19.15,19.15,19.15,19.4,2,PNCGQc1
2015-10-09,19.3,19.3,19.3,19.18,5,PNCGQc1
2015-10-12,,,,18.83,,PNCGQc1
2015-10-13,18.65,18.65,18.65,18.61,10,PNCGQc1
2015-10-14,18.5,18.5,18.5,18.48,1,PNCGQc1
2015-10-15,18.625,18.625,18.625,18.61,10,PNCGQc1
2015-10-16,18.65,18.65,18.65,18.65,5,PNCGQc1
2015-10-19,,,,18.86,,PNCGQc1
2015-10-20,,,,18.48,,PNCGQc1
2015-10-21,,,,18.4,,PNCGQc1
2015-10-22,,,,18.52,,PNCGQc1
2015-10-23,18.65,18.65,18.65,18.76,20,PNCGQc1
2015-10-26,18.5,18.45,18.5,18.42,85,PNCGQc1
2015-10-27,18.55,18.45,18.55,18.42,60,PNCGQc1
2015-10-28,18.45,18.45,18.45,18.43,30,PNCGQc1
2015-10-29,,,,18.5,,PNCGQc1
2015-10-30,18.375,18.375,18.375,18.41,10,PNCGQc1
2015-11-02,18.2,18.125,18.125,18.19,10,PNCGQc1
2015-11-03,18.225,18.075,18.075,18.2,300,PNCGQc1
2015-11-04,18.425,18.4,18.4,18.38,80,PNCGQc1
2015-11-05,18.175,18.175,18.175,18.03,30,PNCGQc1
2015-11-06,18.1,18.1,18.1,18.13,5,PNCGQc1
2015-11-09,,,,17.76,,PNCGQc1
2015-11-10,17.7,17.7,17.7,17.57,15,PNCGQc1
2015-11-11,17.625,17.5,17.625,17.45,25,PNCGQc1
2015-11-12,17.2,17.2,17.2,17.29,5,PNCGQc1
2015-11-13,,,,17.39,,PNCGQc1
2015-11-16,17.7,17.625,17.7,17.63,6,PNCGQc1
2015-11-17,,,,18.29,,PNCGQc1
2015-11-18,,,,17.94,,PNCGQc1
2015-11-19,,,,18.05,,PNCGQc1
2015-11-20,18.0,17.825,18.0,17.76,50,PNCGQc1
2015-11-23,17.575,17.575,17.575,17.71,5,PNCGQc1
2015-11-24,18.0,18.0,18.0,17.98,50,PNCGQc1
2015-11-25,18.025,18.0,18.0,18.17,15,PNCGQc1
2015-11-26,,,,18.17,,PNCGQc1
2015-11-27,,,,18.19,,PNCGQc1
2015-11-30,18.125,18.125,18.125,18.58,10,PNCGQc1
2015-12-01,18.525,18.525,18.525,18.39,2,PNCGQc1
2015-12-02,,,,17.91,,PNCGQc1
2015-12-03,17.9,17.7,17.9,17.68,65,PNCGQc1
2015-12-04,,,,17.66,,PNCGQc1
2015-12-07,17.175,17.175,17.175,17.16,5,PNCGQc1
2015-12-08,17.175,17.175,17.175,17.02,,PNCGQc1
2015-12-09,,,,16.88,,PNCGQc1
2015-12-10,16.75,16.75,16.75,16.8,5,PNCGQc1
2015-12-11,16.75,16.75,16.75,16.45,,PNCGQc1
2015-12-14,,,,16.17,,PNCGQc1
2015-12-15,,,,16.39,,PNCGQc1
2015-12-16,16.175,16.15,16.175,15.96,15,PNCGQc1
2015-12-17,,,,16.01,,PNCGQc1
2015-12-18,15.9,15.9,15.9,15.83,90,PNCGQc1
2015-12-21,15.475,15.475,15.475,15.31,60,PNCGQc1
2015-12-22,,,,15.23,,PNCGQc1
2015-12-23,15.075,15.075,15.075,14.92,10,PNCGQc1
2015-12-24,,,,14.84,,PNCGQc1
2015-12-29,,,,15.68,,PNCGQc1
2015-12-30,,,,15.21,,PNCGQc1
2015-12-31,,,,14.99,,PNCGQc1
2016-01-04,14.85,14.85,14.85,14.68,10,PNCGQc1
2016-01-05,15.0,14.9,14.9,14.82,25,PNCGQc1
2016-01-06,,,,15.13,,PNCGQc1
2016-01-07,,,,15.42,,PNCGQc1
2016-01-08,,,,14.63,,PNCGQc1
2016-01-11,,,,14.57,,PNCGQc1
2016-01-12,,,,14.06,,PNCGQc1
2016-01-13,,,,14.23,,PNCGQc1
2016-01-14,,,,13.78,,PNCGQc1
2016-01-15,13.45,13.425,13.45,13.31,20,PNCGQc1
2016-01-18,,,,13.46,,PNCGQc1
2016-01-19,,,,13.28,,PNCGQc1
2016-01-20,,,,12.91,,PNCGQc1
2016-01-21,,,,12.88,,PNCGQc1
2016-01-22,,,,13.7,,PNCGQc1
2016-01-25,,,,13.16,,PNCGQc1
2016-01-26,,,,13.32,,PNCGQc1
2016-01-27,,,,13.76,,PNCGQc1
2016-01-28,13.825,13.825,13.825,14.15,10,PNCGQc1
2016-01-29,,,,13.8,,PNCGQc1
2016-02-01,,,,13.23,,PNCGQc1
2016-02-02,13.1,13.1,13.1,13.27,10,PNCGQc1
2016-02-03,,,,13.3,,PNCGQc1
2016-02-04,12.9,12.9,12.9,12.81,5,PNCGQc1
2016-02-05,,,,12.7,,PNCGQc1
2016-02-08,,,,12.61,,PNCGQc1
2016-02-09,12.8,12.8,12.8,12.54,5,PNCGQc1
2016-02-10,,,,12.42,,PNCGQc1
2016-02-11,,,,12.32,,PNCGQc1
2016-02-12,,,,12.53,,PNCGQc1
2016-02-15,,,,12.4,,PNCGQc1
2016-02-16,,,,12.18,,PNCGQc1
2016-02-17,12.225,12.15,12.15,12.21,10,PNCGQc1
2016-02-18,,,,12.42,,PNCGQc1
2016-02-19,,,,12.53,,PNCGQc1
2016-02-22,,,,12.82,,PNCGQc1
2016-02-23,,,,12.58,,PNCGQc1
2016-02-24,,,,12.27,,PNCGQc1
2016-02-25,,,,12.31,,PNCGQc1
2016-02-26,,,,12.44,,PNCGQc1
2016-02-29,,,,12.5,,PNCGQc1
2016-03-01,,,,12.46,,PNCGQc1
2016-03-02,,,,12.49,,PNCGQc1
2016-03-03,12.4,12.4,12.4,12.34,5,PNCGQc1
2016-03-04,,,,12.14,,PNCGQc1
2016-03-07,12.175,12.175,12.175,12.14,5,PNCGQc1
2016-03-08,,,,12.18,,PNCGQc1
2016-03-09,,,,12.33,,PNCGQc1
2016-03-10,,,,12.16,,PNCGQc1
2016-03-11,,,,12.16,,PNCGQc1
2016-03-14,,,,12.18,,PNCGQc1
2016-03-15,,,,12.23,,PNCGQc1
2016-03-16,12.175,12.175,12.175,12.15,30,PNCGQc1
2016-03-17,12.3,12.3,12.3,12.28,20,PNCGQc1
2016-03-18,,,,12.29,,PNCGQc1
2016-03-21,,,,12.11,,PNCGQc1
2016-03-22,,,,12.18,,PNCGQc1
2016-03-23,,,,12.14,,PNCGQc1
2016-03-24,12.325,12.275,12.275,12.21,110,PNCGQc1
2016-03-29,,,,12.13,,PNCGQc1
2016-03-30,,,,12.3,,PNCGQc1
2016-03-31,,,,12.22,,PNCGQc1
2016-04-01,11.925,11.85,11.925,11.91,40,PNCGQc1
2016-04-04,,,,11.65,,PNCGQc1
2016-04-05,11.4,11.4,11.4,11.64,120,PNCGQc1
2016-04-06,,,,11.66,,PNCGQc1
2016-04-07,,,,11.39,,PNCGQc1
2016-04-08,,,,11.44,,PNCGQc1
2016-04-11,11.475,11.475,11.475,11.58,15,PNCGQc1
2016-04-12,,,,11.66,,PNCGQc1
2016-04-13,,,,11.67,,PNCGQc1
2016-04-14,,,,11.55,,PNCGQc1
2016-04-14,,,,11.55,,PNCGQc1
2016-04-15,11.525,11.5,11.5,11.53,20,PNCGQc1
2016-04-18,,,,11.72,,PNCGQc1
2016-04-19,,,,11.95,,PNCGQc1
2016-04-20,,,,12.18,,PNCGQc1
2016-04-21,,,,12.91,,PNCGQc1
2016-04-22,12.675,12.675,12.675,13.31,15,PNCGQc1
2016-04-25,13.175,12.95,12.95,13.3,180,PNCGQc1
2016-04-26,14.05,13.7,13.725,14.13,90,PNCGQc1
2016-04-27,14.55,14.35,14.425,14.28,70,PNCGQc1
2016-04-28,,,,13.1,,PNCGQc1
2016-04-29,,,,12.94,,PNCGQc1
2016-05-03,12.425,12.425,12.425,12.48,40,PNCGQc1
2016-05-04,12.65,12.575,12.575,12.73,90,PNCGQc1
2016-05-05,,,,13.19,,PNCGQc1
2016-05-06,,,,13.23,,PNCGQc1
2016-05-09,13.8,13.8,13.8,13.31,15,PNCGQc1
2016-05-10,13.125,13.125,13.125,13.29,5,PNCGQc1
2016-05-11,,,,13.38,,PNCGQc1
2016-05-12,,,,13.26,,PNCGQc1
2016-05-13,13.25,13.25,13.25,13.17,5,PNCGQc1
2016-05-16,,,,13.37,,PNCGQc1
2016-05-17,,,,13.43,,PNCGQc1
2016-05-18,13.4,13.4,13.4,13.38,20,PNCGQc1
2016-05-19,,,,13.3,,PNCGQc1
2016-05-20,,,,13.34,,PNCGQc1
2016-05-23,13.175,13.175,13.175,13.21,30,PNCGQc1
2016-05-24,,,,13.25,,PNCGQc1
2016-05-25,,,,13.54,,PNCGQc1
2016-05-26,13.725,13.725,13.725,13.76,5,PNCGQc1
2016-05-27,,,,14.1,,PNCGQc1
2016-05-31,14.475,14.35,14.35,14.42,25,PNCGQc1
2016-06-01,,,,14.35,,PNCGQc1
2016-06-02,,,,14.51,,PNCGQc1
2016-06-03,14.55,14.55,14.55,14.42,30,PNCGQc1
2016-06-06,14.7,14.65,14.65,14.68,20,PNCGQc1
2016-06-07,14.675,14.675,14.675,14.87,10,PNCGQc1
2016-06-08,,,,14.61,,PNCGQc1
2016-06-09,,,,14.36,,PNCGQc1
2016-06-10,,,,14.16,,PNCGQc1
2016-06-13,13.9,13.9,13.9,14.03,25,PNCGQc1
2016-06-14,,,,14.27,,PNCGQc1
2016-06-15,14.6,14.425,14.6,14.38,35,PNCGQc1
2016-06-16,14.275,14.25,14.25,14.31,30,PNCGQc1
2016-06-17,14.575,14.575,14.575,14.61,10,PNCGQc1
2016-06-20,15.35,15.35,15.35,15.31,10,PNCGQc1
2016-06-21,,,,14.93,,PNCGQc1
2016-06-22,15.5,15.5,15.5,15.42,10,PNCGQc1
2016-06-23,15.65,15.65,15.65,15.43,5,PNCGQc1
2016-06-24,,,,15.01,,PNCGQc1
2016-06-27,14.7,14.7,14.7,14.52,10,PNCGQc1
2016-06-28,,,,14.48,,PNCGQc1
2016-06-29,,,,16.81,,PNCGQc1
2016-06-30,16.5,16.5,16.5,16.39,25,PNCGQc1
2016-07-01,16.675,16.675,16.675,16.6,10,PNCGQc1
2016-07-04,,,,16.97,,PNCGQc1
2016-07-05,,,,16.5,,PNCGQc1
2016-07-06,,,,16.5,,PNCGQc1
2016-07-07,,,,16.72,,PNCGQc1
2016-07-08,,,,16.45,,PNCGQc1
2016-07-11,,,,16.37,,PNCGQc1
2016-07-12,,,,16.59,,PNCGQc1
2016-07-13,,,,16.41,,PNCGQc1
2016-07-14,,,,16.48,,PNCGQc1
2016-07-15,,,,17.09,,PNCGQc1
2016-07-18,17.075,17.0,17.075,16.94,60,PNCGQc1
2016-07-19,,,,16.95,,PNCGQc1
2016-07-20,,,,17.04,,PNCGQc1
2016-07-21,,,,17.21,,PNCGQc1
2016-07-22,,,,17.02,,PNCGQc1
2016-07-25,,,,16.95,,PNCGQc1
2016-07-26,,,,16.72,,PNCGQc1
2016-07-27,16.8,16.8,16.8,16.68,10,PNCGQc1
2016-07-28,16.575,16.575,16.575,16.46,10,PNCGQc1
2016-07-29,,,,16.44,,PNCGQc1
2016-08-01,,,,15.96,,PNCGQc1
2016-08-02,15.975,15.9,15.925,15.77,45,PNCGQc1
2016-08-03,15.825,15.8,15.825,15.76,25,PNCGQc1
2016-08-04,,,,15.67,,PNCGQc1
2016-08-05,,,,15.52,,PNCGQc1
2016-08-08,15.6,15.55,15.55,15.45,15,PNCGQc1
2016-08-09,15.575,15.575,15.575,15.49,10,PNCGQc1
2016-08-10,,,,15.46,,PNCGQc1
2016-08-11,,,,15.46,,PNCGQc1
2016-08-12,,,,15.33,,PNCGQc1
2016-08-15,15.0,15.0,15.0,15.26,10,PNCGQc1
2016-08-16,,,,15.42,,PNCGQc1
2016-08-17,,,,15.52,,PNCGQc1
2016-08-18,,,,15.46,,PNCGQc1
2016-08-19,,,,15.03,,PNCGQc1
2016-08-22,,,,14.92,,PNCGQc1
2016-08-23,14.925,14.925,14.925,15.0,10,PNCGQc1
2016-08-24,,,,14.76,,PNCGQc1
2016-08-25,,,,14.78,,PNCGQc1
2016-08-26,14.95,14.95,14.95,15.09,5,PNCGQc1
2016-08-30,14.925,14.925,14.925,14.86,5,PNCGQc1
2016-08-31,14.7,14.7,14.7,14.58,10,PNCGQc1
2016-09-01,,,,14.44,,PNCGQc1
2016-09-02,14.55,14.55,14.55,14.45,10,PNCGQc1
2016-09-05,14.925,14.925,14.925,14.54,5,PNCGQc1
2016-09-06,14.325,14.325,14.325,14.33,10,PNCGQc1
2016-09-07,,,,14.06,,PNCGQc1
2016-09-08,14.075,14.05,14.05,14.02,10,PNCGQc1
2016-09-09,14.025,14.025,14.025,13.87,10,PNCGQc1
2016-09-12,,,,13.83,,PNCGQc1
2016-09-13,,,,13.94,,PNCGQc1
2016-09-14,,,,13.83,,PNCGQc1
2016-09-15,,,,14.13,,PNCGQc1
2016-09-16,,,,14.32,,PNCGQc1
2016-09-19,,,,14.86,,PNCGQc1
2016-09-20,,,,14.44,,PNCGQc1
2016-09-21,,,,14.72,,PNCGQc1
2016-09-22,,,,15.0,,PNCGQc1
2016-09-23,,,,15.36,,PNCGQc1
2016-09-26,15.3,15.3,15.3,15.29,10,PNCGQc1
2016-09-27,15.05,14.8,15.05,14.61,10,PNCGQc1
2016-09-28,15.0,14.95,15.0,15.15,30,PNCGQc1
2016-09-29,,,,16.31,,PNCGQc1
2016-09-30,,,,16.05,,PNCGQc1
2016-10-03,,,,16.25,,PNCGQc1
2016-10-04,,,,16.58,,PNCGQc1
2016-10-05,16.6,16.6,16.6,16.64,30,PNCGQc1
2016-10-06,,,,17.05,,PNCGQc1
2016-10-07,16.775,16.775,16.775,16.61,20,PNCGQc1
2016-10-10,,,,16.58,,PNCGQc1
2016-10-11,,,,16.17,,PNCGQc1
2016-10-12,,,,16.2,,PNCGQc1
2016-10-13,,,,16.43,,PNCGQc1
2016-10-14,,,,16.81,,PNCGQc1
2016-10-17,16.85,16.85,16.85,16.88,20,PNCGQc1
2016-10-18,17.125,17.0,17.0,17.15,105,PNCGQc1
2016-10-19,,,,17.22,,PNCGQc1
2016-10-20,,,,17.3,,PNCGQc1
2016-10-21,17.225,17.025,17.225,17.27,40,PNCGQc1
2016-10-24,17.65,17.5,17.55,17.51,90,PNCGQc1
2016-10-25,17.725,17.675,17.675,17.76,150,PNCGQc1
2016-10-26,,,,17.52,,PNCGQc1
2016-10-27,,,,17.77,,PNCGQc1
2016-10-28,,,,17.77,,PNCGQc1
2016-10-31,,,,17.86,,PNCGQc1
2016-11-01,18.35,18.35,18.35,18.42,30,PNCGQc1
2016-11-02,18.95,18.35,18.35,18.94,200,PNCGQc1
2016-11-03,19.35,18.9,18.9,18.65,250,PNCGQc1
2016-11-04,18.25,18.25,18.25,18.09,30,PNCGQc1
2016-11-07,18.375,18.375,18.375,17.95,5,PNCGQc1
2016-11-08,,,,17.57,,PNCGQc1
2016-11-09,17.9,17.9,17.9,17.89,10,PNCGQc1
2016-11-10,18.0,17.975,18.0,18.15,70,PNCGQc1
2016-11-11,,,,17.87,,PNCGQc1
2016-11-14,,,,17.5,,PNCGQc1
2016-11-15,17.75,17.725,17.725,17.86,120,PNCGQc1
2016-11-16,,,,17.6,,PNCGQc1
2016-11-17,17.7,17.35,17.35,17.6,35,PNCGQc1
2016-11-18,17.85,17.5,17.5,17.95,60,PNCGQc1
2016-11-21,17.35,17.35,17.35,17.38,15,PNCGQc1
2016-11-22,17.55,17.55,17.55,17.7,20,PNCGQc1
2016-11-23,17.75,17.75,17.75,17.94,10,PNCGQc1
2016-11-24,17.75,17.65,17.65,17.83,25,PNCGQc1
2016-11-25,17.775,17.7,17.75,17.53,150,PNCGQc1
2016-11-28,17.875,17.875,17.875,17.9,10,PNCGQc1
2016-11-29,17.925,17.925,17.925,17.98,10,PNCGQc1
2016-11-30,17.9,17.9,17.9,18.14,10,PNCGQc1
2016-12-01,,,,17.98,,PNCGQc1
2016-12-02,,,,17.44,,PNCGQc1
2016-12-05,16.95,16.95,16.95,16.87,30,PNCGQc1
2016-12-06,,,,16.4,,PNCGQc1
2016-12-07,16.425,16.375,16.375,16.21,40,PNCGQc1
2016-12-08,16.05,16.0,16.05,16.51,40,PNCGQc1
2016-12-09,16.725,16.475,16.725,16.49,30,PNCGQc1
2016-12-12,,,,16.92,,PNCGQc1
2016-12-13,,,,17.24,,PNCGQc1
2016-12-14,,,,16.96,,PNCGQc1
2016-12-15,17.2,17.05,17.2,17.06,90,PNCGQc1
2016-12-16,17.5,17.15,17.15,17.62,30,PNCGQc1
2016-12-19,,,,17.46,,PNCGQc1
2016-12-20,,,,17.56,,PNCGQc1
2016-12-21,,,,17.72,,PNCGQc1
2016-12-22,18.175,17.85,17.85,18.16,295,PNCGQc1
2016-12-23,18.175,18.1,18.1,18.18,210,PNCGQc1
2016-12-28,18.7,18.675,18.675,18.64,20,PNCGQc1
2016-12-29,,,,18.17,,PNCGQc1
2016-12-30,,,,18.42,,PNCGQc1
2017-01-03,17.95,17.95,17.95,17.62,10,PNCGQc1
2017-01-04,,,,17.99,,PNCGQc1
2017-01-05,,,,17.84,,PNCGQc1
2017-01-06,,,,17.57,,PNCGQc1
2017-01-09,,,,17.82,,PNCGQc1
2017-01-10,,,,18.23,,PNCGQc1
2017-01-11,,,,18.67,,PNCGQc1
2017-01-12,18.75,18.75,18.75,18.38,5,PNCGQc1
2017-01-13,,,,18.28,,PNCGQc1
2017-01-16,,,,17.85,,PNCGQc1
2017-01-17,,,,18.2,,PNCGQc1
2017-01-18,,,,18.37,,PNCGQc1
2017-01-19,,,,18.36,,PNCGQc1
2017-01-20,,,,18.76,,PNCGQc1
2017-01-23,,,,18.91,,PNCGQc1
2017-01-24,,,,18.57,,PNCGQc1
2017-01-25,18.325,18.325,18.325,18.2,15,PNCGQc1
2017-01-26,,,,18.21,,PNCGQc1
2017-01-27,,,,18.02,,PNCGQc1
2017-01-30,,,,18.27,,PNCGQc1
2017-01-31,,,,18.41,,PNCGQc1
2017-02-01,18.8,18.8,18.8,18.78,10,PNCGQc1
2017-02-02,18.75,18.75,18.75,18.64,10,PNCGQc1
2017-02-03,,,,18.69,,PNCGQc1
2017-02-06,18.7,18.7,18.7,18.6,10,PNCGQc1
2017-02-07,,,,18.51,,PNCGQc1
2017-02-08,,,,18.35,,PNCGQc1
2017-02-09,,,,18.4,,PNCGQc1
2017-02-10,,,,18.36,,PNCGQc1
2017-02-13,18.3,18.3,18.3,18.11,5,PNCGQc1
2017-02-14,,,,17.99,,PNCGQc1
2017-02-15,,,,17.98,,PNCGQc1
2017-02-16,,,,17.85,,PNCGQc1
2017-02-17,17.75,17.75,17.75,17.8,5,PNCGQc1
2017-02-20,,,,17.97,,PNCGQc1
2017-02-21,,,,17.82,,PNCGQc1
2017-02-22,17.725,17.725,17.725,17.8,5,PNCGQc1
2017-02-23,,,,18.02,,PNCGQc1
2017-02-24,17.625,17.625,17.625,17.67,30,PNCGQc1
2017-02-27,,,,17.31,,PNCGQc1
2017-02-28,17.25,17.25,17.25,16.9,15,PNCGQc1
2017-03-01,,,,17.12,,PNCGQc1
2017-03-02,16.95,16.95,16.95,16.78,20,PNCGQc1
2017-03-03,,,,16.88,,PNCGQc1
2017-03-06,,,,16.86,,PNCGQc1
2017-03-07,,,,16.59,,PNCGQc1
2017-03-08,,,,16.39,,PNCGQc1
2017-03-09,16.475,16.475,16.475,16.26,5,PNCGQc1
2017-03-10,,,,16.28,,PNCGQc1
2017-03-13,,,,15.97,,PNCGQc1
2017-03-14,,,,16.21,,PNCGQc1
2017-03-15,,,,16.41,,PNCGQc1
2017-03-16,,,,16.3,,PNCGQc1
2017-03-17,,,,16.34,,PNCGQc1
2017-03-20,,,,16.07,,PNCGQc1
2017-03-21,16.0,15.9,15.95,15.94,20,PNCGQc1
2017-03-22,,,,15.99,,PNCGQc1
2017-03-23,,,,15.97,,PNCGQc1
2017-03-24,,,,15.6,,PNCGQc1
2017-03-27,,,,15.25,,PNCGQc1
2017-03-28,,,,15.48,,PNCGQc1
2017-03-29,,,,16.05,,PNCGQc1
2017-03-30,,,,16.4,,PNCGQc1
2017-03-31,16.1,16.1,16.1,16.03,10,PNCGQc1
2017-04-03,,,,16.45,,PNCGQc1
2017-04-04,,,,16.41,,PNCGQc1
2017-04-05,,,,16.48,,PNCGQc1
2017-04-06,,,,16.41,,PNCGQc1
2017-04-07,16.5,16.5,16.5,16.04,15,PNCGQc1
2017-04-10,,,,15.89,,PNCGQc1
2017-04-11,,,,15.88,,PNCGQc1
2017-04-12,,,,15.98,,PNCGQc1
2017-04-13,,,,16.03,,PNCGQc1
2017-04-18,,,,16.53,,PNCGQc1
2017-04-19,,,,16.49,,PNCGQc1
2017-04-20,,,,16.35,,PNCGQc1
2017-04-21,16.5,16.5,16.5,16.58,10,PNCGQc1
2017-04-24,,,,16.39,,PNCGQc1
2017-04-25,,,,16.04,,PNCGQc1
2017-04-26,,,,16.26,,PNCGQc1
2017-04-27,16.325,16.325,16.325,16.27,60,PNCGQc1
2017-04-28,16.525,16.525,16.525,16.31,10,PNCGQc1
2017-05-02,16.625,16.625,16.625,16.6,10,PNCGQc1
2017-05-03,16.615,16.615,16.615,16.46,10,PNCGQc1
2017-05-04,,,,16.07,,PNCGQc1
2017-05-05,16.075,16.075,16.075,15.98,5,PNCGQc1
2017-05-08,15.775,15.775,15.775,15.71,10,PNCGQc1
2017-05-09,15.875,15.875,15.875,15.73,5,PNCGQc1
2017-05-10,,,,15.84,,PNCGQc1
2017-05-11,,,,15.6,,PNCGQc1
2017-05-12,,,,15.61,,PNCGQc1
2017-05-15,,,,15.78,,PNCGQc1
2017-05-16,15.7,15.7,15.7,15.67,5,PNCGQc1
2017-05-17,15.95,15.71,15.71,15.85,205,PNCGQc1
2017-05-18,,,,16.01,,PNCGQc1
2017-05-19,15.905,15.9,15.9,15.9,40,PNCGQc1
2017-05-22,,,,15.86,,PNCGQc1
2017-05-23,15.85,15.85,15.85,15.97,5,PNCGQc1
2017-05-24,,,,15.9,,PNCGQc1
2017-05-25,15.875,15.875,15.875,15.76,30,PNCGQc1
2017-05-26,15.925,15.925,15.925,15.8,30,PNCGQc1
2017-05-30,,,,16.0,,PNCGQc1
2017-05-31,,,,15.68,,PNCGQc1
2017-06-01,,,,15.58,,PNCGQc1
2017-06-02,,,,15.41,,PNCGQc1
2017-06-05,,,,15.56,,PNCGQc1
2017-06-06,15.525,15.5,15.525,15.47,60,PNCGQc1
2017-06-07,,,,15.43,,PNCGQc1
2017-06-08,,,,15.9,,PNCGQc1
2017-06-09,15.55,15.55,15.55,15.52,30,PNCGQc1
2017-06-12,15.425,15.375,15.425,15.37,65,PNCGQc1
2017-06-13,,,,15.17,,PNCGQc1
2017-06-14,,,,15.25,,PNCGQc1
2017-06-15,,,,15.11,,PNCGQc1
2017-06-16,,,,15.06,,PNCGQc1
2017-06-19,,,,15.22,,PNCGQc1
2017-06-20,,,,15.23,,PNCGQc1
2017-06-21,15.275,15.275,15.275,15.14,5,PNCGQc1
2017-06-22,,,,15.07,,PNCGQc1
2017-06-23,,,,15.03,,PNCGQc1
2017-06-26,,,,15.25,,PNCGQc1
2017-06-27,,,,15.38,,PNCGQc1
2017-06-28,,,,15.54,,PNCGQc1
2017-06-29,,,,16.27,,PNCGQc1
2017-06-30,,,,16.24,,PNCGQc1
2017-07-03,,,,16.48,,PNCGQc1
2017-07-04,,,,16.35,,PNCGQc1
2017-07-05,,,,16.3,,PNCGQc1
2017-07-06,16.4,16.4,16.4,16.37,5,PNCGQc1
2017-07-07,16.35,16.35,16.35,16.15,30,PNCGQc1
2017-07-10,,,,16.04,,PNCGQc1
2017-07-11,,,,15.86,,PNCGQc1
2017-07-12,,,,15.87,,PNCGQc1
2017-07-13,,,,16.08,,PNCGQc1
2017-07-14,,,,16.16,,PNCGQc1
2017-07-17,,,,16.45,,PNCGQc1
2017-07-18,,,,16.25,,PNCGQc1
2017-07-19,,,,16.23,,PNCGQc1
2017-07-20,,,,16.28,,PNCGQc1
2017-07-21,,,,16.12,,PNCGQc1
2017-07-24,,,,15.89,,PNCGQc1
2017-07-25,,,,16.06,,PNCGQc1
2017-07-26,,,,16.33,,PNCGQc1
2017-07-27,,,,16.26,,PNCGQc1
2017-07-28,,,,16.17,,PNCGQc1
2017-07-31,,,,16.22,,PNCGQc1
2017-08-01,,,,16.02,,PNCGQc1
2017-08-02,,,,16.1,,PNCGQc1
2017-08-03,,,,16.18,,PNCGQc1
2017-08-04,16.35,16.35,16.35,16.32,10,PNCGQc1
2017-08-07,,,,16.48,,PNCGQc1
2017-08-08,,,,16.39,,PNCGQc1
2017-08-09,,,,16.73,,PNCGQc1
2017-08-10,,,,16.82,,PNCGQc1
2017-08-11,,,,17.14,,PNCGQc1
2017-08-14,,,,16.83,,PNCGQc1
2017-08-15,,,,16.61,,PNCGQc1
2017-08-16,,,,16.96,,PNCGQc1
2017-08-17,,,,16.96,,PNCGQc1
2017-08-18,,,,16.95,,PNCGQc1
2017-08-21,,,,16.95,,PNCGQc1
2017-08-22,,,,16.91,,PNCGQc1
2017-08-23,17.0,17.0,17.0,17.03,5,PNCGQc1
2017-08-24,,,,17.05,,PNCGQc1
2017-08-25,17.2,17.2,17.2,17.06,5,PNCGQc1
2017-08-29,,,,17.14,,PNCGQc1
2017-08-30,,,,17.19,,PNCGQc1
2017-08-31,,,,17.03,,PNCGQc1
2017-09-01,,,,17.04,,PNCGQc1
2017-09-04,,,,17.13,,PNCGQc1
2017-09-05,,,,17.498,,PNCGQc1
2017-09-06,,,,17.549,,PNCGQc1
2017-09-07,17.56,17.56,17.56,17.565,30,PNCGQc1
2017-09-08,,,,17.503,,PNCGQc1
2017-09-11,,,,17.858,,PNCGQc1
2017-09-12,,,,17.906,,PNCGQc1
2017-09-13,18.0,18.0,18.0,17.987,30,PNCGQc1
2017-09-14,18.2,18.2,18.2,18.223,10,PNCGQc1
2017-09-15,,,,17.806,,PNCGQc1
2017-09-18,,,,17.708,,PNCGQc1
2017-09-19,,,,17.757,,PNCGQc1
2017-09-20,,,,17.639,,PNCGQc1
2017-09-21,,,,17.58,,PNCGQc1
2017-09-22,17.465,17.465,17.465,17.366,10,PNCGQc1
2017-09-25,,,,18.032,,PNCGQc1
2017-09-26,,,,17.938,,PNCGQc1
2017-09-27,,,,17.968,,PNCGQc1
2017-09-28,,,,18.487,,PNCGQc1
2017-09-29,,,,17.957,,PNCGQc1
2017-10-02,18.1,18.1,18.1,18.098,20,PNCGQc1
2017-10-03,,,,18.331,,PNCGQc1
2017-10-04,,,,18.366,,PNCGQc1
2017-10-05,18.525,18.525,18.525,18.465,20,PNCGQc1
2017-10-06,,,,18.473,,PNCGQc1
2017-10-09,18.65,18.65,18.65,18.67,10,PNCGQc1
2017-10-10,,,,18.558,,PNCGQc1
2017-10-11,,,,18.464,,PNCGQc1
2017-10-12,18.4,18.35,18.35,18.428,30,PNCGQc1
2017-10-13,18.565,18.565,18.565,18.49,60,PNCGQc1
2017-10-16,18.575,18.55,18.55,18.678,40,PNCGQc1
2017-10-17,18.625,18.625,18.625,18.67,20,PNCGQc1
2017-10-18,,,,18.866,,PNCGQc1
2017-10-19,18.7,18.7,18.7,18.618,10,PNCGQc1
2017-10-20,18.525,18.525,18.525,18.249,10,PNCGQc1
2017-10-23,18.375,18.375,18.375,18.235,20,PNCGQc1
2017-10-24,18.225,18.175,18.175,17.993,30,PNCGQc1
2017-10-25,,,,18.239,,PNCGQc1
2017-10-26,18.265,18.25,18.25,18.219,25,PNCGQc1
2017-10-27,,,,18.304,,PNCGQc1
2017-10-30,,,,18.187,,PNCGQc1
2017-10-31,,,,18.508,,PNCGQc1
2017-11-01,,,,18.578,,PNCGQc1
2017-11-02,,,,18.614,,PNCGQc1
2017-11-03,18.465,18.465,18.465,18.327,20,PNCGQc1
2017-11-06,19.025,19.0,19.025,19.123,75,PNCGQc1
2017-11-07,,,,19.489,,PNCGQc1
2017-11-08,,,,19.48,,PNCGQc1
2017-11-09,,,,19.558,,PNCGQc1
2017-11-10,19.62,19.62,19.62,19.82,5,PNCGQc1
2017-11-13,19.95,19.88,19.95,19.966,35,PNCGQc1
2017-11-14,19.53,19.5,19.52,19.357,50,PNCGQc1
2017-11-15,19.02,19.0,19.0,19.039,10,PNCGQc1
2017-11-16,19.31,19.31,19.31,19.256,5,PNCGQc1
2017-11-17,19.12,19.065,19.065,19.024,45,PNCGQc1
2017-11-20,,,,19.581,,PNCGQc1
2017-11-21,,,,19.824,,PNCGQc1
2017-11-22,,,,19.753,,PNCGQc1
2017-11-23,,,,20.146,,PNCGQc1
2017-11-24,20.32,20.32,20.32,20.511,5,PNCGQc1
2017-11-27,20.65,20.65,20.65,20.675,10,PNCGQc1
2017-11-28,,,,20.356,,PNCGQc1
2017-11-29,,,,20.377,,PNCGQc1
2017-11-30,20.4,20.4,20.4,20.36,5,PNCGQc1
2017-12-01,,,,20.794,,PNCGQc1
2017-12-04,,,,21.216,,PNCGQc1
2017-12-05,21.325,21.315,21.325,21.348,10,PNCGQc1
2017-12-06,,,,21.089,,PNCGQc1
2017-12-07,21.025,21.025,21.025,21.225,10,PNCGQc1
2017-12-08,,,,20.871,,PNCGQc1
2017-12-11,20.75,20.75,20.75,20.911,5,PNCGQc1
2017-12-12,,,,21.683,,PNCGQc1
2017-12-13,20.75,20.375,20.75,20.774,6,PNCGQc1
2017-12-14,,,,20.68,,PNCGQc1
2017-12-15,,,,20.876,,PNCGQc1
2017-12-18,,,,20.32,,PNCGQc1
2017-12-19,19.925,19.925,19.925,19.925,10,PNCGQc1
2017-12-20,20.19,20.05,20.05,20.19,11,PNCGQc1
2017-12-21,,,,19.915,,PNCGQc1
2017-12-22,19.575,19.575,19.575,19.681,20,PNCGQc1
2017-12-27,19.175,19.175,19.175,19.175,10,PNCGQc1
2017-12-28,,,,18.065,,PNCGQc1
2017-12-29,,,,18.314,,PNCGQc1
2018-01-02,,,,18.093,,PNCGQc1
2018-01-03,,,,18.077,,PNCGQc1
2018-01-04,,,,18.163,,PNCGQc1
2018-01-05,,,,18.008,,PNCGQc1
2018-01-08,,,,18.084,,PNCGQc1
2018-01-09,,,,18.293,,PNCGQc1
2018-01-10,,,,18.471,,PNCGQc1
2018-01-11,,,,18.26,,PNCGQc1
2018-01-12,,,,18.347,,PNCGQc1
2018-01-15,,,,18.082,,PNCGQc1
2018-01-16,,,,17.871,,PNCGQc1
2018-01-17,,,,17.641,,PNCGQc1
2018-01-18,,,,17.587,,PNCGQc1
2018-01-19,,,,17.587,,PNCGQc1
2018-01-22,,,,17.692,,PNCGQc1
2018-01-23,17.6,17.6,17.6,17.577,4,PNCGQc1
2018-01-24,,,,17.316,,PNCGQc1
2018-01-25,,,,17.277,,PNCGQc1
2018-01-26,,,,17.115,,PNCGQc1
2018-01-29,,,,16.966,,PNCGQc1
2018-01-30,,,,16.83,,PNCGQc1
2018-01-31,,,,17.263,,PNCGQc1
2018-02-01,,,,17.24,,PNCGQc1
2018-02-02,,,,17.087,,PNCGQc1
2018-02-05,,,,16.826,,PNCGQc1
2018-02-06,,,,16.96,,PNCGQc1
2018-02-07,,,,17.181,,PNCGQc1
2018-02-08,,,,17.017,,PNCGQc1
2018-02-09,,,,16.86,,PNCGQc1
2018-02-12,,,,16.997,,PNCGQc1
2018-02-13,,,,17.162,,PNCGQc1
2018-02-14,,,,17.109,,PNCGQc1
2018-02-15,,,,16.954,,PNCGQc1
2018-02-16,,,,17.178,,PNCGQc1
2018-02-19,,,,17.55,,PNCGQc1
2018-02-20,,,,17.884,,PNCGQc1
2018-02-21,,,,17.858,,PNCGQc1
2018-02-22,,,,17.705,,PNCGQc1
2018-02-23,,,,17.81,,PNCGQc1
2018-02-26,,,,17.385,,PNCGQc1
2018-02-27,,,,17.46,,PNCGQc1
2018-02-28,,,,17.332,,PNCGQc1
2018-03-01,,,,17.259,,PNCGQc1
2018-03-02,,,,17.449,,PNCGQc1
2018-03-05,17.4,17.4,17.4,17.43,10,PNCGQc1
2018-03-06,,,,17.679,,PNCGQc1
2018-03-07,,,,17.659,,PNCGQc1
2018-03-08,18.0,17.96,18.0,17.981,20,PNCGQc1
2018-03-09,,,,18.373,,PNCGQc1
2018-03-12,,,,18.885,,PNCGQc1
2018-03-13,,,,18.633,,PNCGQc1
2018-03-14,18.15,18.15,18.15,17.994,1,PNCGQc1
2018-03-15,18.35,18.35,18.35,18.35,10,PNCGQc1
2018-03-16,18.15,18.15,18.15,18.22,10,PNCGQc1
2018-03-19,,,,18.312,,PNCGQc1
2018-03-20,18.625,18.6,18.625,18.602,15,PNCGQc1
2018-03-21,,,,18.831,,PNCGQc1
2018-03-22,18.6,18.6,18.6,18.602,10,PNCGQc1
2018-03-23,18.35,18.35,18.35,18.36,1,PNCGQc1
2018-03-26,18.0,18.0,18.0,18.048,10,PNCGQc1
2018-03-27,,,,18.453,,PNCGQc1
2018-03-28,,,,18.257,,PNCGQc1
2018-03-29,,,,18.449,,PNCGQc1
2018-04-03,,,,18.218,,PNCGQc1
2018-04-04,,,,18.379,,PNCGQc1
2018-04-05,18.225,18.2,18.2,18.262,50,PNCGQc1
2018-04-06,18.3,18.2,18.2,18.201,60,PNCGQc1
2018-04-09,,,,18.652,,PNCGQc1
2018-04-10,,,,18.861,,PNCGQc1
2018-04-11,19.2,19.2,19.2,19.329,2,PNCGQc1
2018-04-12,,,,19.364,,PNCGQc1
2018-04-13,,,,19.63,,PNCGQc1
2018-04-16,,,,19.458,,PNCGQc1
2018-04-17,,,,19.09,,PNCGQc1
2018-04-18,,,,19.302,,PNCGQc1
2018-04-19,19.85,19.55,19.55,19.879,60,PNCGQc1
2018-04-20,,,,19.908,,PNCGQc1
2018-04-23,,,,20.039,,PNCGQc1
2018-04-24,,,,19.769,,PNCGQc1
2018-04-25,19.775,19.775,19.775,19.95,10,PNCGQc1
2018-04-26,20.175,20.125,20.175,20.327,6,PNCGQc1
2018-04-27,,,,20.375,,PNCGQc1
2018-04-30,,,,20.757,,PNCGQc1
2018-05-02,,,,20.02,,PNCGQc1
2018-05-03,,,,20.062,,PNCGQc1
2018-05-04,,,,20.642,,PNCGQc1
2018-05-08,,,,20.963,,PNCGQc1
2018-05-09,21.3,21.15,21.175,21.009,18,PNCGQc1
2018-05-10,,,,21.131,,PNCGQc1
2018-05-11,,,,21.447,,PNCGQc1
2018-05-14,,,,21.832,,PNCGQc1
2018-05-15,,,,21.914,,PNCGQc1
2018-05-16,,,,21.945,,PNCGQc1
2018-05-17,,,,22.417,,PNCGQc1
2018-05-18,,,,22.269,,PNCGQc1
2018-05-21,,,,22.655,,PNCGQc1
2018-05-22,,,,23.3,,PNCGQc1
2018-05-23,,,,23.089,,PNCGQc1
2018-05-24,,,,23.042,,PNCGQc1
2018-05-25,,,,22.243,,PNCGQc1
2018-05-29,,,,22.968,180,PNCGQc1
2018-05-30,,,,23.28,100,PNCGQc1
2018-05-31,,,,22.686,,PNCGQc1
2018-06-01,,,,22.075,,PNCGQc1
2018-06-04,,,,22.079,50,PNCGQc1
2018-06-05,22.075,22.075,22.075,21.627,5,PNCGQc1
2018-06-06,,,,21.365,,PNCGQc1
2018-06-07,,,,21.739,,PNCGQc1
2018-06-08,,,,21.653,,PNCGQc1
2018-06-11,,,,21.44,,PNCGQc1
2018-06-12,,,,21.946,,PNCGQc1
2018-06-13,,,,22.549,,PNCGQc1
2018-06-14,,,,22.84,,PNCGQc1
2018-06-15,,,,21.831,,PNCGQc1
2018-06-18,,,,22.314,,PNCGQc1
2018-06-19,,,,21.839,1,PNCGQc1
2018-06-20,,,,21.619,,PNCGQc1
2018-06-21,21.55,21.55,21.55,21.64,4,PNCGQc1
2018-06-22,,,,21.845,,PNCGQc1
2018-06-25,,,,21.881,,PNCGQc1
2018-06-26,,,,21.569,,PNCGQc1
2018-06-27,,,,22.206,,PNCGQc1
2018-06-28,,,,22.829,,PNCGQc1
2018-06-29,,,,22.801,,PNCGQc1
2018-07-02,22.9,22.9,22.9,22.945,5,PNCGQc1
2018-07-03,,,,22.864,,PNCGQc1
2018-07-04,,,,22.807,30,PNCGQc1
2018-07-05,,,,22.982,,PNCGQc1
2018-07-06,,,,22.911,,PNCGQc1
2018-07-09,23.175,23.175,23.175,23.257,5,PNCGQc1
2018-07-10,,,,23.301,,PNCGQc1
2018-07-11,,,,23.163,,PNCGQc1
2018-07-12,,,,22.566,,PNCGQc1
2018-07-13,,,,22.888,,PNCGQc1
2018-07-16,,,,22.48,,PNCGQc1
2018-07-17,,,,22.426,,PNCGQc1
2018-07-18,,,,22.804,,PNCGQc1
2018-07-19,,,,22.84,,PNCGQc1
2018-07-20,,,,22.433,,PNCGQc1
2018-07-23,,,,22.704,,PNCGQc1
2018-07-24,,,,22.841,,PNCGQc1
2018-07-25,,,,22.947,,PNCGQc1
2018-07-26,,,,22.803,,PNCGQc1
2018-07-27,22.74,22.74,22.74,22.844,3,PNCGQc1
2018-07-30,,,,22.779,,PNCGQc1
2018-07-31,,,,22.775,,PNCGQc1
2018-08-01,,,,22.603,,PNCGQc1
2018-08-02,22.5,22.5,22.5,22.575,1,PNCGQc1
2018-08-03,,,,22.89,,PNCGQc1
2018-08-06,,,,23.085,,PNCGQc1
2018-08-07,,,,23.271,,PNCGQc1
2018-08-08,,,,23.203,,PNCGQc1
2018-08-09,,,,23.333,,PNCGQc1
2018-08-10,,,,23.586,,PNCGQc1
2018-08-13,,,,24.102,,PNCGQc1
2018-08-14,,,,24.36,,PNCGQc1
2018-08-15,,,,24.183,,PNCGQc1
2018-08-16,,,,24.465,,PNCGQc1
2018-08-17,,,,24.787,,PNCGQc1
2018-08-20,,,,24.919,,PNCGQc1
2018-08-21,,,,25.039,30,PNCGQc1
2018-08-22,,,,25.089,,PNCGQc1
2018-08-23,,,,25.405,,PNCGQc1
2018-08-24,,,,25.679,,PNCGQc1
2018-08-28,,,,25.994,,PNCGQc1
2018-08-29,,,,26.511,,PNCGQc1
2018-08-30,26.875,26.85,26.875,26.611,20,PNCGQc1
2018-08-31,,,,26.22,,PNCGQc1
2018-09-03,,,,26.572,,PNCGQc1
2018-09-04,27.1,27.1,27.1,26.956,1,PNCGQc1
2018-09-05,,,,27.372,,PNCGQc1
2018-09-06,,,,27.827,,PNCGQc1
2018-09-07,,,,28.345,,PNCGQc1
2018-09-10,,,,29.468,,PNCGQc1
2018-09-11,29.1,28.625,28.625,29.119,20,PNCGQc1
2018-09-12,,,,27.962,,PNCGQc1
2018-09-13,,,,27.21,,PNCGQc1
2018-09-14,,,,27.319,,PNCGQc1
2018-09-17,,,,28.418,,PNCGQc1
2018-09-18,,,,27.906,,PNCGQc1
2018-09-19,28.24,28.24,28.24,28.792,5,PNCGQc1
2018-09-20,,,,28.897,,PNCGQc1
2018-09-21,,,,28.96,,PNCGQc1
2018-09-24,,,,29.579,,PNCGQc1
2018-09-25,,,,29.485,,PNCGQc1
2018-09-26,,,,28.615,,PNCGQc1
2018-09-27,,,,27.866,,PNCGQc1
2018-09-28,,,,27.839,,PNCGQc1
2018-10-01,,,,27.602,,PNCGQc1
2018-10-02,27.25,27.25,27.25,27.496,5,PNCGQc1
2018-10-03,,,,27.477,,PNCGQc1
2018-10-04,,,,27.852,,PNCGQc1
2018-10-05,,,,27.535,,PNCGQc1
2018-10-08,,,,27.533,,PNCGQc1
2018-10-09,,,,27.238,,PNCGQc1
2018-10-10,27.15,26.875,27.15,26.663,12,PNCGQc1
2018-10-11,25.825,25.825,25.825,26.159,10,PNCGQc1
2018-10-12,26.7,26.7,26.7,26.863,10,PNCGQc1
2018-10-15,,,,26.963,,PNCGQc1
2018-10-16,,,,26.679,,PNCGQc1
2018-10-17,,,,26.281,,PNCGQc1
2018-10-18,,,,26.356,,PNCGQc1
2018-10-19,,,,27.093,,PNCGQc1
2018-10-22,,,,26.469,,PNCGQc1
2018-10-23,,,,26.142,,PNCGQc1
2018-10-24,,,,25.894,,PNCGQc1
2018-10-25,,,,25.57,,PNCGQc1
2018-10-26,,,,24.909,,PNCGQc1
2018-10-29,,,,25.29,,PNCGQc1
2018-10-30,,,,24.607,,PNCGQc1
2018-10-31,,,,24.539,1,PNCGQc1
2018-11-01,,,,23.794,,PNCGQc1
2018-11-02,,,,24.525,,PNCGQc1
2018-11-05,,,,24.016,,PNCGQc1
2018-11-06,,,,24.176,,PNCGQc1
2018-11-07,,,,24.575,,PNCGQc1
2018-11-08,,,,24.555,,PNCGQc1
2018-11-09,24.7,24.575,24.575,24.509,4,PNCGQc1
2018-11-12,25.925,25.8,25.8,26.035,10,PNCGQc1
2018-11-13,26.0,25.88,26.0,26.557,8,PNCGQc1
2018-11-14,,,,26.384,,PNCGQc1
2018-11-15,,,,26.627,,PNCGQc1
2018-11-16,26.25,26.25,26.25,26.019,10,PNCGQc1
2018-11-19,,,,24.438,,PNCGQc1
2018-11-20,,,,24.515,,PNCGQc1
2018-11-21,,,,24.565,,PNCGQc1
2018-11-22,,,,24.938,,PNCGQc1
2018-11-23,,,,25.006,,PNCGQc1
2018-11-26,24.89,24.85,24.85,24.847,5,PNCGQc1
2018-11-27,25.3,25.3,25.3,25.555,3,PNCGQc1
2018-11-28,,,,24.625,,PNCGQc1
2018-11-29,,,,24.92,,PNCGQc1
2018-11-30,,,,24.694,,PNCGQc1
2018-12-03,,,,25.12,,PNCGQc1
2018-12-04,24.5,24.5,24.5,24.475,2,PNCGQc1
2018-12-05,,,,23.964,,PNCGQc1
2018-12-06,,,,23.345,,PNCGQc1
2018-12-07,,,,23.294,,PNCGQc1
2018-12-10,23.475,23.475,23.475,23.405,1,PNCGQc1
2018-12-11,,,,23.789,30,PNCGQc1
2018-12-12,,,,24.141,,PNCGQc1
2018-12-13,24.475,24.475,24.475,24.447,5,PNCGQc1
2018-12-14,24.79,24.79,24.79,24.776,11,PNCGQc1
2018-12-17,24.85,24.85,24.85,24.842,2,PNCGQc1
2018-12-18,,,,23.952,,PNCGQc1
2018-12-19,24.6,24.4,24.6,24.279,15,PNCGQc1
2018-12-20,,,,24.594,,PNCGQc1
2018-12-21,,,,24.791,,PNCGQc1
2018-12-24,,,,24.597,,PNCGQc1
2018-12-27,,,,23.364,,PNCGQc1
2018-12-28,22.0,22.0,22.0,21.348,10,PNCGQc1
2018-12-31,,,,20.92,,PNCGQc1
2019-01-02,,,,20.927,,PNCGQc1
2019-01-03,,,,20.754,,PNCGQc1
2019-01-04,,,,21.301,30,PNCGQc1
2019-01-07,,,,20.549,30,PNCGQc1
2019-01-08,,,,20.984,,PNCGQc1
2019-01-09,,,,20.585,,PNCGQc1
2019-01-10,,,,20.6,,PNCGQc1
2019-01-11,,,,20.98,,PNCGQc1
2019-01-14,,,,20.592,,PNCGQc1
2019-01-15,,,,20.901,,PNCGQc1
2019-01-16,21.25,21.155,21.25,21.144,4,PNCGQc1
2019-01-17,,,,21.927,,PNCGQc1
2019-01-18,,,,21.807,,PNCGQc1
2019-01-21,,,,21.296,,PNCGQc1
2019-01-22,,,,21.461,5,PNCGQc1
2019-01-23,,,,21.788,,PNCGQc1
2019-01-24,21.1,21.1,21.1,21.122,20,PNCGQc1
2019-01-25,,,,20.781,,PNCGQc1
2019-01-28,,,,20.549,,PNCGQc1
2019-01-29,,,,20.663,,PNCGQc1
2019-01-30,,,,20.299,,PNCGQc1
2019-01-31,19.95,19.925,19.95,20.036,5,PNCGQc1
2019-02-01,,,,19.69,,PNCGQc1
2019-02-04,,,,19.675,,PNCGQc1
2019-02-05,,,,19.437,,PNCGQc1
2019-02-06,,,,19.25,,PNCGQc1
2019-02-07,19.55,19.55,19.55,19.284,35,PNCGQc1
2019-02-08,,,,18.694,,PNCGQc1
2019-02-11,,,,18.668,,PNCGQc1
2019-02-12,18.25,18.125,18.25,18.281,8,PNCGQc1
2019-02-13,,,,18.511,,PNCGQc1
2019-02-14,,,,18.345,,PNCGQc1
2019-02-15,,,,18.625,,PNCGQc1
2019-02-18,,,,18.18,,PNCGQc1
2019-02-19,,,,18.486,,PNCGQc1
2019-02-20,,,,18.892,,PNCGQc1
2019-02-21,,,,18.424,,PNCGQc1
2019-02-22,,,,18.162,,PNCGQc1
2019-02-25,,,,17.892,,PNCGQc1
2019-02-26,,,,17.823,,PNCGQc1
2019-02-27,,,,18.33,,PNCGQc1
2019-02-28,,,,18.54,,PNCGQc1
2019-03-01,,,,18.106,,PNCGQc1
2019-03-04,,,,18.213,,PNCGQc1
2019-03-05,,,,17.967,,PNCGQc1
2019-03-06,,,,17.603,,PNCGQc1
2019-03-07,,,,17.55,,PNCGQc1
2019-03-08,,,,17.494,,PNCGQc1
2019-03-11,,,,17.352,,PNCGQc1
2019-03-12,,,,16.889,,PNCGQc1
2019-03-13,16.71,16.66,16.71,16.398,4,PNCGQc1
2019-03-14,,,,16.298,,PNCGQc1
2019-03-15,,,,15.961,60,PNCGQc1
2019-03-18,,,,15.586,,PNCGQc1
2019-03-19,,,,15.569,,PNCGQc1
2019-03-20,,,,15.823,,PNCGQc1
2019-03-21,,,,15.345,,PNCGQc1
2019-03-22,,,,15.202,,PNCGQc1
2019-03-25,,,,14.888,,PNCGQc1
2019-03-26,,,,15.079,,PNCGQc1
2019-03-27,,,,15.602,,PNCGQc1
2019-03-28,,,,15.49,,PNCGQc1
2019-03-29,,,,15.35,,PNCGQc1
2019-04-01,,,,15.061,,PNCGQc1
2019-04-02,,,,14.685,,PNCGQc1
2019-04-03,,,,15.516,60,PNCGQc1
2019-04-04,,,,15.986,,PNCGQc1
2019-04-05,,,,17.55,,PNCGQc1
2019-04-08,,,,17.012,,PNCGQc1
2019-04-09,18.0,18.0,18.0,17.75,5,PNCGQc1
2019-04-10,,,,16.946,,PNCGQc1
2019-04-11,,,,17.254,,PNCGQc1
2019-04-12,,,,17.144,,PNCGQc1
2019-04-15,,,,16.31,,PNCGQc1
2019-04-16,,,,16.245,,PNCGQc1
2019-04-17,,,,16.71,,PNCGQc1
2019-04-18,,,,16.008,,PNCGQc1
2019-04-23,,,,15.998,,PNCGQc1
2019-04-24,,,,15.762,,PNCGQc1
2019-04-25,15.825,15.825,15.825,15.91,40,PNCGQc1
2019-04-26,,,,15.712,,PNCGQc1
2019-04-29,,,,15.709,,PNCGQc1
2019-04-30,,,,15.622,,PNCGQc1
2019-05-02,,,,15.577,120,PNCGQc1
2019-05-03,,,,15.804,,PNCGQc1
2019-05-07,15.8,15.8,15.8,15.451,20,PNCGQc1
2019-05-08,,,,15.499,,PNCGQc1
2019-05-09,,,,15.635,,PNCGQc1
2019-05-10,,,,15.209,,PNCGQc1
2019-05-13,14.9,14.9,14.9,14.955,20,PNCGQc1
2019-05-14,,,,15.005,,PNCGQc1
2019-05-15,,,,15.065,,PNCGQc1
2019-05-16,,,,14.581,,PNCGQc1
2019-05-17,,,,14.074,,PNCGQc1
2019-05-20,,,,14.094,,PNCGQc1
2019-05-21,,,,13.837,,PNCGQc1
2019-05-22,,,,13.894,,PNCGQc1
2019-05-23,13.675,13.675,13.675,13.818,5,PNCGQc1
2019-05-24,,,,13.531,,PNCGQc1
2019-05-28,,,,13.807,,PNCGQc1
2019-05-29,,,,13.645,,PNCGQc1
2019-05-30,,,,13.244,,PNCGQc1
2019-05-31,,,,12.694,,PNCGQc1
2019-06-03,,,,12.416,,PNCGQc1
2019-06-04,,,,13.016,,PNCGQc1
2019-06-05,,,,12.749,,PNCGQc1
2019-06-06,,,,12.299,,PNCGQc1
2019-06-07,,,,12.625,,PNCGQc1
2019-06-10,,,,12.956,,PNCGQc1
2019-06-11,,,,12.322,,PNCGQc1
2019-06-12,,,,12.209,,PNCGQc1
2019-06-13,12.65,12.65,12.65,12.222,3,PNCGQc1
2019-06-14,12.2,12.2,12.2,12.185,40,PNCGQc1
2019-06-17,,,,12.309,,PNCGQc1
2019-06-18,,,,11.785,,PNCGQc1
2019-06-19,,,,11.308,,PNCGQc1
2019-06-20,,,,11.124,,PNCGQc1
2019-06-21,,,,11.305,,PNCGQc1
2019-06-24,,,,11.206,,PNCGQc1
2019-06-25,,,,10.906,,PNCGQc1
2019-06-26,10.9,10.9,10.9,10.882,20,PNCGQc1
2019-06-27,,,,17.657,,PNCGQc1
2019-06-28,,,,17.265,,PNCGQc1
2019-07-01,,,,17.347,10,PNCGQc1
2019-07-02,,,,16.902,150,PNCGQc1
2019-07-03,,,,16.685,90,PNCGQc1
2019-07-04,,,,16.834,,PNCGQc1
2019-07-05,,,,17.09,,PNCGQc1
2019-07-08,17.4,17.4,17.4,17.407,92,PNCGQc1
2019-07-09,,,,17.517,,PNCGQc1
2019-07-10,,,,18.096,,PNCGQc1
2019-07-11,,,,18.969,,PNCGQc1
2019-07-12,,,,19.491,,PNCGQc1
2019-07-15,,,,18.856,,PNCGQc1
2019-07-16,,,,17.792,,PNCGQc1
2019-07-17,,,,17.787,,PNCGQc1
2019-07-18,,,,17.601,,PNCGQc1
2019-07-19,,,,18.027,,PNCGQc1
2019-07-22,17.775,17.775,17.775,17.604,2,PNCGQc1
2019-07-23,17.5,17.5,17.5,17.882,1,PNCGQc1
2019-07-24,,,,17.33,,PNCGQc1
2019-07-25,,,,17.191,,PNCGQc1
2019-07-26,,,,16.804,,PNCGQc1
2019-07-29,16.85,16.85,16.85,16.459,1,PNCGQc1
2019-07-30,,,,16.31,,PNCGQc1
2019-07-31,,,,16.494,,PNCGQc1
2019-08-01,,,,17.267,,PNCGQc1
2019-08-02,,,,16.963,,PNCGQc1
2019-08-05,,,,16.509,,PNCGQc1
2019-08-06,,,,16.287,60,PNCGQc1
2019-08-07,,,,16.519,,PNCGQc1
2019-08-08,,,,17.027,,PNCGQc1
2019-08-09,,,,16.669,,PNCGQc1
2019-08-12,,,,16.456,,PNCGQc1
2019-08-13,16.59,16.59,16.59,16.864,5,PNCGQc1
2019-08-14,,,,16.549,,PNCGQc1
2019-08-15,,,,16.396,,PNCGQc1
2019-08-16,,,,16.288,,PNCGQc1
2019-08-19,,,,15.928,,PNCGQc1
2019-08-20,,,,16.067,,PNCGQc1
2019-08-21,,,,16.091,,PNCGQc1
2019-08-22,,,,16.017,,PNCGQc1
2019-08-23,,,,15.796,,PNCGQc1
2019-08-27,,,,15.344,40,PNCGQc1
2019-08-28,,,,15.503,,PNCGQc1
2019-08-29,,,,16.008,181,PNCGQc1
2019-08-30,,,,15.832,90,PNCGQc1
2019-09-02,,,,15.084,,PNCGQc1
2019-09-03,,,,15.2,,PNCGQc1
2019-09-04,15.2,15.2,15.2,15.064,2,PNCGQc1
2019-09-05,,,,15.293,,PNCGQc1
2019-09-06,,,,15.519,,PNCGQc1
2019-09-09,,,,15.397,,PNCGQc1
2019-09-10,16.85,16.85,16.85,17.38,12,PNCGQc1
2019-09-11,17.48,17.48,17.48,17.618,10,PNCGQc1
2019-09-12,17.45,17.45,17.45,17.396,10,PNCGQc1
2019-09-13,,,,17.376,,PNCGQc1
2019-09-16,,,,18.295,30,PNCGQc1
2019-09-17,,,,16.99,,PNCGQc1
2019-09-18,16.4,16.4,16.4,16.493,14,PNCGQc1
2019-09-19,,,,16.565,,PNCGQc1
2019-09-20,16.85,16.85,16.85,16.836,6,PNCGQc1
2019-09-23,,,,16.341,,PNCGQc1
2019-09-24,,,,16.467,,PNCGQc1
2019-09-25,15.85,15.85,15.85,16.043,2,PNCGQc1
2019-09-26,,,,16.19,,PNCGQc1
2019-09-27,,,,19.092,30,PNCGQc1
2019-09-30,,,,19.05,30,PNCGQc1
2019-10-01,,,,19.261,,PNCGQc1
2019-10-02,,,,18.488,,PNCGQc1
2019-10-03,,,,18.394,,PNCGQc1
2019-10-04,18.5,18.5,18.5,18.295,20,PNCGQc1
2019-10-07,,,,18.22,30,PNCGQc1
2019-10-08,,,,18.423,15,PNCGQc1
2019-10-09,,,,18.512,20,PNCGQc1
2019-10-10,,,,18.784,,PNCGQc1
2019-10-11,18.8,18.8,18.8,19.069,5,PNCGQc1
2019-10-14,,,,18.925,,PNCGQc1
2019-10-15,,,,18.838,,PNCGQc1
2019-10-16,,,,18.79,,PNCGQc1
2019-10-17,,,,18.637,,PNCGQc1
2019-10-18,,,,18.47,,PNCGQc1
2019-10-21,,,,18.123,5,PNCGQc1
2019-10-22,,,,17.985,,PNCGQc1
2019-10-23,17.895,17.83,17.83,17.785,40,PNCGQc1
2019-10-24,,,,17.851,,PNCGQc1
2019-10-25,,,,17.545,,PNCGQc1
2019-10-28,17.475,17.475,17.475,17.269,10,PNCGQc1
2019-10-29,,,,17.207,,PNCGQc1
2019-10-30,,,,17.083,,PNCGQc1
2019-10-31,,,,17.064,,PNCGQc1
2019-11-01,,,,17.243,,PNCGQc1
2019-11-04,,,,17.503,,PNCGQc1
2019-11-05,,,,17.766,,PNCGQc1
2019-11-06,,,,17.345,,PNCGQc1
2019-11-07,,,,17.166,,PNCGQc1
2019-11-08,,,,17.054,,PNCGQc1
2019-11-11,,,,16.948,,PNCGQc1
2019-11-12,16.8,16.8,16.8,16.701,10,PNCGQc1
2019-11-13,,,,16.737,,PNCGQc1
2019-11-14,16.9,16.9,16.9,16.953,5,PNCGQc1
2019-11-15,,,,17.149,,PNCGQc1
2019-11-18,,,,16.79,,PNCGQc1
2019-11-19,,,,16.819,30,PNCGQc1
2019-11-20,17.0,17.0,17.0,16.966,35,PNCGQc1
2019-11-21,,,,17.032,,PNCGQc1
2019-11-22,,,,17.338,,PNCGQc1
2019-11-25,,,,17.519,,PNCGQc1
2019-11-26,,,,16.968,,PNCGQc1
2019-11-27,,,,17.209,,PNCGQc1
2019-11-28,,,,16.95,125,PNCGQc1
2019-11-29,,,,16.77,5,PNCGQc1
2019-12-02,,,,16.333,,PNCGQc1
2019-12-03,,,,16.237,,PNCGQc1
2019-12-04,,,,16.387,,PNCGQc1
2019-12-05,,,,15.954,,PNCGQc1
2019-12-06,,,,15.644,,PNCGQc1
2019-12-09,,,,15.321,,PNCGQc1
2019-12-10,,,,15.026,,PNCGQc1
2019-12-11,,,,14.611,,PNCGQc1
2019-12-12,14.45,14.45,14.45,15.285,1,PNCGQc1
2019-12-13,,,,14.265,,PNCGQc1
2019-12-16,,,,14.375,,PNCGQc1
2019-12-17,14.875,14.75,14.75,14.891,40,PNCGQc1
2019-12-18,,,,15.245,,PNCGQc1
2019-12-19,,,,15.357,,PNCGQc1
2019-12-20,14.675,14.675,14.675,14.698,5,PNCGQc1
2019-12-23,,,,13.574,,PNCGQc1
2019-12-24,,,,13.185,,PNCGQc1
2019-12-27,13.175,13.175,13.175,13.158,28,PNCGQc1
2019-12-30,,,,12.335,,PNCGQc1
2019-12-31,,,,12.088,,PNCGQc1
2020-01-02,12.42,12.42,12.42,12.012,3,PNCGQc1
2020-01-03,,,,12.976,,PNCGQc1
2020-01-06,,,,12.498,,PNCGQc1
2020-01-07,,,,12.164,60,PNCGQc1
2020-01-08,12.14,12.14,12.14,12.187,1,PNCGQc1
2020-01-09,,,,12.358,32,PNCGQc1
2020-01-10,,,,12.158,,PNCGQc1
2020-01-13,,,,12.29,30,PNCGQc1
2020-01-14,,,,11.678,,PNCGQc1
2020-01-15,,,,11.475,,PNCGQc1
2020-01-16,,,,11.42,,PNCGQc1
2020-01-17,,,,11.251,,PNCGQc1
2020-01-20,,,,11.098,,PNCGQc1
2020-01-21,,,,11.197,,PNCGQc1
2020-01-22,,,,10.962,,PNCGQc1
2020-01-23,,,,10.817,,PNCGQc1
2020-01-24,,,,10.903,,PNCGQc1
2020-01-27,,,,10.968,,PNCGQc1
2020-01-28,,,,11.284,,PNCGQc1
2020-01-29,,,,10.697,,PNCGQc1
2020-01-30,,,,10.49,,PNCGQc1
2020-01-31,,,,10.378,,PNCGQc1
2020-02-03,,,,10.126,,PNCGQc1
2020-02-04,,,,10.281,,PNCGQc1
2020-02-05,10.17,10.17,10.17,10.15,3,PNCGQc1
2020-02-06,9.97,9.97,9.97,10.018,15,PNCGQc1
2020-02-07,,,,9.957,,PNCGQc1
2020-02-10,,,,9.689,,PNCGQc1
2020-02-11,,,,9.618,,PNCGQc1
2020-02-12,9.9,9.9,9.9,9.748,2,PNCGQc1
2020-02-13,,,,9.991,,PNCGQc1
2020-02-14,,,,10.025,,PNCGQc1
2020-02-17,,,,10.625,,PNCGQc1
2020-02-18,,,,10.555,,PNCGQc1
2020-02-19,,,,10.483,,PNCGQc1
2020-02-20,,,,10.399,,PNCGQc1
2020-02-21,,,,10.237,,PNCGQc1
2020-02-24,,,,9.682,,PNCGQc1
2020-02-25,,,,9.618,,PNCGQc1
2020-02-26,9.49,9.49,9.49,9.708,1,PNCGQc1
2020-02-27,9.5,9.5,9.5,9.45,2,PNCGQc1
2020-02-28,,,,9.489,,PNCGQc1
2020-03-02,,,,9.507,,PNCGQc1
2020-03-03,,,,9.801,,PNCGQc1
2020-03-04,,,,9.515,,PNCGQc1
2020-03-05,,,,9.53,60,PNCGQc1
2020-03-06,,,,9.236,,PNCGQc1
2020-03-09,,,,9.223,,PNCGQc1
2020-03-10,,,,9.521,,PNCGQc1
2020-03-11,,,,9.762,,PNCGQc1
2020-03-12,,,,9.647,,PNCGQc1
2020-03-13,9.8,9.8,9.8,9.522,3,PNCGQc1
2020-03-16,,,,8.98,,PNCGQc1
2020-03-17,,,,8.723,,PNCGQc1
2020-03-18,,,,8.534,,PNCGQc1
2020-03-19,,,,8.801,,PNCGQc1
2020-03-20,,,,8.591,,PNCGQc1
2020-03-23,8.325,8.325,8.325,8.158,7,PNCGQc1
2020-03-24,8.45,8.235,8.45,8.269,195,PNCGQc1
2020-03-25,8.2,8.05,8.05,8.054,200,PNCGQc1
2020-03-26,8.0,8.0,8.0,7.939,72,PNCGQc1
2020-03-27,7.775,7.775,7.775,7.588,100,PNCGQc1
2020-03-30,7.7,7.7,7.7,7.798,2,PNCGQc1
2020-03-31,,,,7.824,,PNCGQc1
2020-04-01,,,,7.797,,PNCGQc1
2020-04-02,,,,7.978,,PNCGQc1
2020-04-03,,,,8.019,,PNCGQc1
2020-04-06,8.18,8.18,8.18,8.456,3,PNCGQc1
2020-04-07,,,,8.494,,PNCGQc1
2020-04-08,8.41,8.41,8.41,8.443,18,PNCGQc1
2020-04-09,,,,8.448,,PNCGQc1
2020-04-14,,,,8.183,,PNCGQc1
2020-04-15,,,,7.846,,PNCGQc1
2020-04-16,,,,8.117,,PNCGQc1
2020-04-17,,,,8.279,,PNCGQc1
2020-04-20,8.05,8.05,8.05,8.128,5,PNCGQc1
2020-04-21,,,,7.773,,PNCGQc1
2020-04-22,7.7,7.7,7.7,7.64,5,PNCGQc1
2020-04-23,,,,7.473,,PNCGQc1
2020-04-24,,,,7.174,,PNCGQc1
2020-04-27,,,,7.241,,PNCGQc1
2020-04-28,,,,7.435,,PNCGQc1
2020-04-29,7.425,7.425,7.425,7.392,1,PNCGQc1
2020-04-30,,,,7.351,20,PNCGQc1
2020-05-04,,,,6.897,,PNCGQc1
2020-05-05,,,,6.86,,PNCGQc1
2020-05-06,,,,6.96,,PNCGQc1
2020-05-07,7.1,7.1,7.1,7.016,5,PNCGQc1
2020-05-08,,,,6.913,,PNCGQc1
2020-05-11,,,,6.905,10,PNCGQc1
2020-05-12,,,,6.483,20,PNCGQc1
2020-05-13,,,,6.319,,PNCGQc1
2020-05-14,,,,6.474,,PNCGQc1
2020-05-15,,,,6.356,,PNCGQc1
2020-05-18,,,,6.108,30,PNCGQc1
2020-05-19,5.925,5.925,5.925,5.855,15,PNCGQc1
2020-05-20,5.87,5.87,5.87,5.697,5,PNCGQc1
2020-05-21,,,,5.071,,PNCGQc1
2020-05-22,5.175,5.175,5.175,5.128,5,PNCGQc1
2020-05-25,,,,5.855,,PNCGQc1
2020-05-26,,,,5.335,,PNCGQc1
2020-05-27,,,,5.014,,PNCGQc1
2020-05-28,,,,4.853,,PNCGQc1
2020-05-29,,,,5.204,,PNCGQc1
2020-06-01,,,,4.892,,PNCGQc1
2020-06-02,,,,5.486,30,PNCGQc1
2020-06-03,5.8,5.8,5.8,5.943,10,PNCGQc1
2020-06-04,,,,6.043,,PNCGQc1
2020-06-05,,,,6.276,,PNCGQc1
2020-06-08,,,,5.838,,PNCGQc1
2020-06-09,,,,5.45,,PNCGQc1
2020-06-10,,,,5.399,,PNCGQc1
2020-06-11,,,,5.515,,PNCGQc1
2020-06-12,,,,5.779,,PNCGQc1
2020-06-15,,,,5.976,,PNCGQc1
2020-06-16,,,,5.73,,PNCGQc1
2020-06-17,,,,5.713,10,PNCGQc1
2020-06-18,,,,5.933,,PNCGQc1
2020-06-19,,,,6.103,,PNCGQc1
2020-06-22,,,,6.015,,PNCGQc1
2020-06-23,,,,6.276,,PNCGQc1
2020-06-23,,,,6.276,,PNCGQc1
2020-06-24,,,,6.053,,PNCGQc1
2020-06-25,,,,5.749,,PNCGQc1
2020-06-26,5.69,5.69,5.69,5.681,1,PNCGQc1
2020-06-29,,,,10.94,,PNCGQc1
2020-06-30,,,,10.966,15,PNCGQc1
2020-07-01,,,,10.737,,PNCGQc1
2020-07-02,,,,10.903,,PNCGQc1
2020-07-03,,,,11.084,,PNCGQc1
2020-07-06,,,,11.351,,PNCGQc1
2020-07-07,,,,11.543,,PNCGQc1
2020-07-08,,,,11.399,,PNCGQc1
2020-07-09,,,,11.402,,PNCGQc1
2020-07-10,,,,11.196,,PNCGQc1
2020-07-13,,,,11.155,,PNCGQc1
2020-07-14,,,,10.953,,PNCGQc1
2020-07-15,,,,10.899,,PNCGQc1
2020-07-16,,,,10.731,,PNCGQc1
2020-07-17,,,,10.741,,PNCGQc1
2020-07-20,,,,10.161,,PNCGQc1
2020-07-21,,,,10.285,,PNCGQc1
2020-07-22,,,,10.367,,PNCGQc1
2020-07-23,,,,10.41,,PNCGQc1
2020-07-24,,,,10.295,,PNCGQc1
2020-07-27,,,,10.162,,PNCGQc1
2020-07-28,,,,10.224,,PNCGQc1
2020-07-29,,,,10.518,,PNCGQc1
2020-07-30,,,,10.418,,PNCGQc1
2020-07-31,,,,10.402,,PNCGQc1
2020-08-03,,,,10.833,10,PNCGQc1
2020-08-04,,,,11.079,,PNCGQc1
2020-08-05,,,,11.228,,PNCGQc1
2020-08-06,,,,11.55,,PNCGQc1
2020-08-07,,,,11.497,,PNCGQc1
2020-08-10,,,,11.329,,PNCGQc1
2020-08-11,,,,11.378,,PNCGQc1
2020-08-12,11.1,11.1,11.1,11.211,15,PNCGQc1
2020-08-13,,,,11.343,,PNCGQc1
2020-08-14,11.56,11.56,11.56,12.013,5,PNCGQc1
2020-08-17,11.82,11.82,11.82,11.895,20,PNCGQc1
2020-08-18,,,,12.139,,PNCGQc1
2020-08-19,,,,12.11,,PNCGQc1
2020-08-20,,,,12.026,,PNCGQc1
2020-08-21,,,,11.645,,PNCGQc1
2020-08-24,,,,12.098,,PNCGQc1
2020-08-25,,,,12.457,,PNCGQc1
2020-08-26,,,,12.693,,PNCGQc1
2020-08-27,,,,12.297,,PNCGQc1
2020-08-28,,,,13.017,,PNCGQc1
2020-08-31,,,,13.101,,PNCGQc1
2020-09-01,,,,13.175,10,PNCGQc1
2020-09-02,,,,12.941,,PNCGQc1
2020-09-03,13.295,13.295,13.295,13.309,10,PNCGQc1
2020-09-04,13.13,13.13,13.13,13.131,50,PNCGQc1
2020-09-07,,,,12.62,,PNCGQc1
2020-09-08,12.27,12.27,12.27,12.262,10,PNCGQc1
2020-09-09,,,,12.169,,PNCGQc1
2020-09-10,,,,12.087,,PNCGQc1
2020-09-11,12.16,12.16,12.16,12.12,10,PNCGQc1
2020-09-14,,,,12.362,,PNCGQc1
2020-09-15,,,,12.469,,PNCGQc1
2020-09-16,,,,12.784,,PNCGQc1
2020-09-17,12.72,12.72,12.72,12.61,63,PNCGQc1
2020-09-18,,,,12.915,,PNCGQc1
2020-09-21,,,,12.568,,PNCGQc1
2020-09-22,,,,12.735,,PNCGQc1
2020-09-23,,,,13.061,,PNCGQc1
2020-09-24,12.925,12.925,12.925,12.831,5,PNCGQc1
2020-09-25,,,,12.875,,PNCGQc1
2020-09-28,,,,13.677,,PNCGQc1
2020-09-29,,,,14.339,,PNCGQc1
2020-09-30,13.975,13.975,13.975,13.95,3,PNCGQc1
2020-10-01,,,,13.807,,PNCGQc1
2020-10-02,,,,13.627,,PNCGQc1
2020-10-05,,,,14.033,,PNCGQc1
2020-10-06,13.88,13.88,13.88,13.884,5,PNCGQc1
2020-10-07,14.05,14.05,14.05,14.315,1,PNCGQc1
2020-10-08,14.275,14.275,14.275,14.314,40,PNCGQc1
2020-10-09,14.1,14.1,14.1,14.335,89,PNCGQc1
2020-10-12,,,,14.301,,PNCGQc1
2020-10-13,14.125,14.125,14.125,14.183,30,PNCGQc1
2020-10-14,,,,14.432,,PNCGQc1
2020-10-15,,,,14.727,,PNCGQc1
2020-10-16,14.95,14.65,14.65,14.99,20,PNCGQc1
2020-10-19,15.425,15.25,15.25,15.278,7,PNCGQc1
2020-10-20,15.3,15.3,15.3,15.316,5,PNCGQc1
2020-10-21,,,,15.227,,PNCGQc1
2020-10-22,,,,15.521,,PNCGQc1
2020-10-23,15.7,15.7,15.7,15.614,5,PNCGQc1
2020-10-26,15.45,15.45,15.45,15.031,5,PNCGQc1
2020-10-27,,,,14.853,32,PNCGQc1
2020-10-28,,,,14.51,,PNCGQc1
2020-10-29,14.275,14.275,14.275,14.351,5,PNCGQc1
2020-10-30,,,,14.074,,PNCGQc1
2020-11-02,13.55,13.4,13.55,13.66,90,PNCGQc1
2020-11-03,,,,13.75,,PNCGQc1
2020-11-04,,,,13.949,,PNCGQc1
2020-11-05,14.55,14.55,14.55,14.551,3,PNCGQc1
2020-11-06,14.2,14.1,14.2,14.062,15,PNCGQc1
2020-11-09,,,,14.073,,PNCGQc1
2020-11-10,,,,14.166,,PNCGQc1
2020-11-11,,,,14.226,,PNCGQc1
2020-11-12,14.075,14.075,14.075,14.132,3,PNCGQc1
2020-11-13,,,,14.327,,PNCGQc1
2020-11-16,,,,14.602,,PNCGQc1
2020-11-17,,,,13.998,,PNCGQc1
2020-11-18,14.025,14.025,14.025,13.772,2,PNCGQc1
2020-11-19,13.425,13.13,13.425,13.27,45,PNCGQc1
2020-11-20,12.9,12.9,12.9,13.11,4,PNCGQc1
2020-11-23,,,,13.64,,PNCGQc1
2020-11-24,13.55,13.55,13.55,14.03,2,PNCGQc1
2020-11-25,14.15,14.15,14.15,14.046,2,PNCGQc1
2020-11-26,13.975,13.975,13.975,14.008,1,PNCGQc1
2020-11-27,,,,14.496,,PNCGQc1
2020-11-30,15.15,15.15,15.15,14.978,3,PNCGQc1
2020-12-01,15.25,15.25,15.25,14.773,5,PNCGQc1
2020-12-02,14.775,14.725,14.775,14.732,45,PNCGQc1
2020-12-03,13.985,13.925,13.985,13.956,20,PNCGQc1
2020-12-04,14.485,14.225,14.225,14.469,11,PNCGQc1
2020-12-07,,,,14.159,,PNCGQc1
2020-12-08,14.24,14.2,14.2,14.318,3,PNCGQc1
2020-12-09,,,,14.591,5,PNCGQc1
2020-12-10,15.375,15.35,15.375,15.384,35,PNCGQc1
2020-12-11,15.3,15.3,15.3,15.68,6,PNCGQc1
2020-12-14,16.55,16.55,16.55,16.421,2,PNCGQc1
2020-12-15,16.85,16.725,16.85,16.914,11,PNCGQc1
2020-12-16,16.7,16.7,16.7,16.038,51,PNCGQc1
2020-12-17,15.54,15.54,15.54,15.539,10,PNCGQc1
2020-12-18,15.57,15.4,15.4,15.493,14,PNCGQc1
2020-12-21,16.35,16.35,16.35,16.409,1,PNCGQc1
2020-12-22,17.25,17.25,17.25,17.143,4,PNCGQc1
2020-12-23,17.375,17.375,17.375,17.0,2,PNCGQc1
2020-12-24,,,,17.019,,PNCGQc1
2020-12-28,,,,18.57,,PNCGQc1
2020-12-29,,,,18.16,,PNCGQc1
2020-12-30,,,,16.646,,PNCGQc1
2020-12-31,,,,16.875,60,PNCGQc1
2021-01-04,17.25,17.25,17.25,17.054,1,PNCGQc1
2021-01-05,,,,16.275,,PNCGQc1
2021-01-06,,,,16.04,,PNCGQc1
2021-01-07,,,,16.975,,PNCGQc1
2021-01-08,,,,17.246,,PNCGQc1
2021-01-11,,,,17.822,,PNCGQc1
2021-01-12,,,,18.441,,PNCGQc1
2021-01-13,,,,17.482,,PNCGQc1
2021-01-14,,,,17.187,,PNCGQc1
2021-01-15,,,,16.58,,PNCGQc1
2021-01-18,16.4,16.4,16.4,16.341,1,PNCGQc1
2021-01-19,,,,17.098,,PNCGQc1
2021-01-20,,,,17.253,,PNCGQc1
2021-01-21,,,,17.292,,PNCGQc1
2021-01-22,,,,17.635,,PNCGQc1
2021-01-25,17.4,17.4,17.4,17.141,1,PNCGQc1
2021-01-26,,,,17.07,,PNCGQc1
2021-01-27,,,,17.264,,PNCGQc1
2021-01-28,,,,17.656,,PNCGQc1
2021-01-29,,,,17.348,,PNCGQc1
2021-02-01,,,,16.834,,PNCGQc1
2021-02-02,,,,17.002,,PNCGQc1
2021-02-03,,,,16.958,,PNCGQc1
2021-02-04,,,,17.178,,PNCGQc1
2021-02-05,,,,17.486,,PNCGQc1
2021-02-08,,,,18.303,,PNCGQc1
2021-02-09,,,,18.028,,PNCGQc1
2021-02-10,,,,17.752,,PNCGQc1
2021-02-11,,,,17.104,30,PNCGQc1
2021-02-12,,,,17.178,30,PNCGQc1
2021-02-15,,,,16.656,,PNCGQc1
2021-02-16,,,,16.63,,PNCGQc1
2021-02-17,,,,16.587,,PNCGQc1
2021-02-18,,,,17.08,,PNCGQc1
2021-02-19,,,,16.596,,PNCGQc1
2021-02-22,,,,16.131,,PNCGQc1
2021-02-23,,,,16.388,,PNCGQc1
2021-02-24,,,,16.516,,PNCGQc1
2021-02-25,,,,16.127,,PNCGQc1
2021-02-26,,,,16.024,,PNCGQc1
2021-03-01,,,,16.287,,PNCGQc1
2021-03-02,16.25,16.25,16.25,16.098,1,PNCGQc1
2021-03-03,15.825,15.825,15.825,15.788,1,PNCGQc1
2021-03-04,,,,16.194,,PNCGQc1
2021-03-05,,,,16.658,,PNCGQc1
2021-03-08,,,,16.51,,PNCGQc1
2021-03-09,,,,17.16,,PNCGQc1
2021-03-10,,,,17.808,,PNCGQc1
2021-03-11,18.45,18.45,18.45,18.398,1,PNCGQc1
2021-03-12,,,,18.753,,PNCGQc1
2021-03-15,18.325,18.325,18.325,18.285,10,PNCGQc1
2021-03-16,,,,17.958,,PNCGQc1
2021-03-17,,,,18.266,,PNCGQc1
2021-03-18,,,,17.98,,PNCGQc1
2021-03-19,,,,17.561,,PNCGQc1
2021-03-22,17.95,17.95,17.95,18.266,4,PNCGQc1
2021-03-23,,,,18.58,,PNCGQc1
2021-03-24,,,,18.775,,PNCGQc1
2021-03-25,,,,18.56,,PNCGQc1
2021-03-26,,,,18.853,,PNCGQc1
2021-03-29,,,,18.685,,PNCGQc1
2021-03-30,,,,19.056,,PNCGQc1
2021-03-31,,,,19.275,,PNCGQc1
2021-04-01,,,,19.425,,PNCGQc1
2021-04-06,,,,19.911,,PNCGQc1
2021-04-07,,,,19.507,,PNCGQc1
2021-04-08,,,,19.228,5,PNCGQc1
2021-04-09,,,,19.094,,PNCGQc1
2021-04-12,19.55,19.55,19.55,19.775,5,PNCGQc1
2021-04-13,,,,19.764,5,PNCGQc1
2021-04-14,19.92,19.835,19.92,19.845,11,PNCGQc1
2021-04-15,20.35,20.125,20.15,20.381,27,PNCGQc1
2021-04-16,,,,20.733,,PNCGQc1
2021-04-19,,,,21.121,,PNCGQc1
2021-04-20,21.145,21.145,21.145,21.25,3,PNCGQc1
2021-04-21,21.2,21.075,21.2,21.263,8,PNCGQc1
2021-04-22,21.53,21.53,21.53,21.444,4,PNCGQc1
2021-04-23,20.8,20.8,20.8,20.226,4,PNCGQc1
2021-04-26,,,,20.124,,PNCGQc1
2021-04-27,,,,21.548,,PNCGQc1
2021-04-28,,,,21.689,,PNCGQc1
2021-04-29,,,,22.665,,PNCGQc1
2021-04-30,,,,23.383,,PNCGQc1
2021-05-03,,,,23.81,,PNCGQc1
2021-05-04,,,,23.375,,PNCGQc1
2021-05-05,23.65,23.65,23.65,24.021,35,PNCGQc1
2021-05-06,,,,24.4,,PNCGQc1
2021-05-07,,,,24.043,,PNCGQc1
2021-05-10,,,,25.275,,PNCGQc1
2021-05-11,,,,25.797,,PNCGQc1
2021-05-12,,,,26.48,,PNCGQc1
2021-05-13,25.525,25.1,25.1,26.27,8,PNCGQc1
2021-05-14,,,,26.806,,PNCGQc1
2021-05-17,26.35,26.35,26.35,26.34,5,PNCGQc1
2021-05-18,,,,24.754,,PNCGQc1
2021-05-19,,,,22.609,,PNCGQc1
2021-05-20,,,,24.504,,PNCGQc1
2021-05-21,,,,24.54,,PNCGQc1
2021-05-24,,,,24.576,,PNCGQc1
2021-05-25,25.47,25.47,25.47,26.122,1,PNCGQc1
2021-05-26,,,,26.296,,PNCGQc1
2021-05-27,,,,25.136,,PNCGQc1
2021-05-28,,,,25.042,,PNCGQc1
2021-05-31,,,,25.233,,PNCGQc1
2021-06-01,,,,26.07,,PNCGQc1
2021-06-02,,,,25.753,,PNCGQc1
2021-06-03,,,,25.775,,PNCGQc1
2021-06-04,,,,25.849,,PNCGQc1
2021-06-07,,,,26.525,,PNCGQc1
2021-06-08,,,,27.817,,PNCGQc1
2021-06-09,28.175,28.175,28.175,28.366,3,PNCGQc1
2021-06-10,28.2,28.2,28.2,28.766,10,PNCGQc1
2021-06-11,,,,27.723,120,PNCGQc1
2021-06-14,,,,28.697,,PNCGQc1
2021-06-15,,,,28.054,,PNCGQc1
2021-06-16,,,,27.907,,PNCGQc1
2021-06-17,28.3,28.3,28.3,28.187,10,PNCGQc1
2021-06-18,28.975,28.975,28.975,29.266,240,PNCGQc1
2021-06-21,29.875,29.875,29.875,29.614,4,PNCGQc1
2021-06-22,30.5,30.2,30.2,30.665,70,PNCGQc1
2021-06-23,31.45,30.7,31.15,31.45,80,PNCGQc1
2021-06-24,31.675,31.375,31.675,31.96,45,PNCGQc1
2021-06-25,31.9,31.9,31.9,32.156,10,PNCGQc1
2021-06-28,,,,32.083,7,PNCGQc1
2021-06-29,,,,33.641,,PNCGQc1
2021-06-30,,,,35.178,,PNCGQc1
2021-07-01,36.0,35.95,36.0,36.801,10,PNCGQc1
2021-07-02,35.1,35.1,35.1,36.234,8,PNCGQc1
2021-07-05,37.85,37.85,37.85,38.717,1,PNCGQc1
2021-07-06,35.2,35.2,35.2,34.292,1,PNCGQc1
2021-07-07,,,,32.586,,PNCGQc1
2021-07-08,32.67,31.5,31.65,33.842,8,PNCGQc1
2021-07-09,36.4,36.4,36.4,37.695,3,PNCGQc1
2021-07-12,36.0,35.725,35.725,34.963,10,PNCGQc1
2021-07-13,34.45,34.45,34.45,36.045,1,PNCGQc1
2021-07-14,34.8,34.8,34.8,35.333,1,PNCGQc1
2021-07-15,34.49,34.49,34.49,34.416,1,PNCGQc1
2021-07-16,35.425,35.425,35.425,35.283,3,PNCGQc1
2021-07-19,,,,36.481,,PNCGQc1
2021-07-20,,,,35.786,,PNCGQc1
2021-07-21,35.61,35.61,35.61,36.453,2,PNCGQc1
2021-07-22,36.575,36.4,36.575,36.65,11,PNCGQc1
2021-07-23,35.85,35.85,35.85,36.128,5,PNCGQc1
2021-07-26,37.1,37.1,37.1,37.2,4,PNCGQc1
2021-07-27,37.8,37.65,37.8,37.92,2,PNCGQc1
2021-07-28,38.575,38.575,38.575,39.7,1,PNCGQc1
2021-07-29,,,,41.238,,PNCGQc1
2021-07-30,39.16,38.85,38.85,40.501,5,PNCGQc1
2021-08-02,42.2,42.2,42.2,41.915,4,PNCGQc1
2021-08-03,41.65,41.65,41.65,40.919,25,PNCGQc1
2021-08-04,,,,41.815,,PNCGQc1
2021-08-05,,,,42.783,30,PNCGQc1
2021-08-06,43.5,43.5,43.5,43.099,2,PNCGQc1
2021-08-09,42.675,42.675,42.675,42.96,3,PNCGQc1
2021-08-10,,,,44.812,,PNCGQc1
2021-08-11,,,,46.282,,PNCGQc1
2021-08-12,,,,46.217,,PNCGQc1
2021-08-13,45.2,45.2,45.2,44.941,2,PNCGQc1
2021-08-16,,,,47.76,,PNCGQc1
2021-08-17,,,,47.0,,PNCGQc1
2021-08-18,,,,45.22,30,PNCGQc1
2021-08-19,41.0,41.0,41.0,40.05,2,PNCGQc1
2021-08-20,41.45,41.3,41.3,42.126,2,PNCGQc1
2021-08-23,,,,42.115,,PNCGQc1
2021-08-24,44.9,44.9,44.9,44.835,3,PNCGQc1
2021-08-25,45.525,45.525,45.525,45.469,12,PNCGQc1
2021-08-26,,,,45.784,,PNCGQc1
2021-08-27,,,,47.692,,PNCGQc1
2021-08-30,,,,49.352,,PNCGQc1
2021-08-31,,,,49.97,,PNCGQc1
2021-09-01,,,,49.314,60,PNCGQc1
2021-09-02,,,,51.42,20,PNCGQc1
2021-09-03,,,,51.469,,PNCGQc1
2021-09-06,,,,52.323,,PNCGQc1
2021-09-07,,,,53.479,,PNCGQc1
2021-09-08,,,,55.08,,PNCGQc1
2021-09-09,57.05,57.05,57.05,56.4,1,PNCGQc1
2021-09-10,,,,57.895,,PNCGQc1
2021-09-13,,,,61.427,,PNCGQc1
2021-09-14,66.0,64.85,64.85,65.379,55,PNCGQc1
2021-09-15,,,,70.757,,PNCGQc1
2021-09-16,63.65,63.65,63.65,61.38,1,PNCGQc1
2021-09-17,,,,65.052,,PNCGQc1
2021-09-20,,,,75.17,,PNCGQc1
2021-09-21,,,,73.94,81,PNCGQc1
2021-09-22,,,,71.864,,PNCGQc1
2021-09-23,,,,69.78,,PNCGQc1
2021-09-24,,,,70.5,,PNCGQc1
2021-09-27,,,,77.446,,PNCGQc1
2021-09-28,84.9,84.2,84.9,79.291,8,PNCGQc1
2021-09-29,,,,84.19,,PNCGQc1
2021-09-30,,,,95.1,,PNCGQc1
2021-10-01,,,,92.788,10,PNCGQc1
2021-10-04,,,,95.334,,PNCGQc1
2021-10-05,116.0,109.5,109.5,115.02,32,PNCGQc1
2021-10-06,130.0,100.0,130.0,108.408,158,PNCGQc1
2021-10-07,102.0,102.0,102.0,96.413,10,PNCGQc1
2021-10-08,92.3,91.5,92.25,85.666,32,PNCGQc1
2021-10-11,86.1,84.0,86.1,84.0,20,PNCGQc1
2021-10-12,84.5,84.0,84.5,84.328,20,PNCGQc1
2021-10-13,89.0,89.0,89.0,92.12,15,PNCGQc1
2021-10-14,100.55,98.0,100.55,100.606,76,PNCGQc1
2021-10-15,97.0,87.2,97.0,92.507,28,PNCGQc1
2021-10-18,106.0,91.5,91.5,92.489,7,PNCGQc1
2021-10-19,91.75,88.8,91.75,88.97,13,PNCGQc1
2021-10-20,92.5,92.5,92.5,92.34,19,PNCGQc1
2021-10-21,88.5,88.0,88.5,87.112,18,PNCGQc1
2021-10-22,88.4,85.4,88.4,85.656,4,PNCGQc1
2021-10-25,88.8,88.8,88.8,87.074,14,PNCGQc1
2021-10-26,,,,86.324,,PNCGQc1
2021-10-27,,,,83.894,,PNCGQc1
2021-10-28,,,,74.021,,PNCGQc1
2021-10-29,64.225,64.225,64.225,62.483,2,PNCGQc1
2021-11-01,,,,63.207,,PNCGQc1
2021-11-02,62.25,62.0,62.0,65.059,20,PNCGQc1
2021-11-03,,,,74.501,10,PNCGQc1
2021-11-04,74.9,74.9,74.9,70.771,2,PNCGQc1
2021-11-05,71.25,71.25,71.25,71.197,15,PNCGQc1
2021-11-08,76.05,76.05,76.05,76.181,5,PNCGQc1
2021-11-09,73.9,73.9,73.9,70.107,315,PNCGQc1
2021-11-10,64.7,61.8,61.8,67.273,55,PNCGQc1
2021-11-11,,,,72.681,,PNCGQc1
2021-11-12,75.015,75.015,75.015,73.375,30,PNCGQc1
2021-11-15,76.72,76.72,76.72,77.844,1,PNCGQc1
2021-11-16,86.1,86.1,86.1,90.988,5,PNCGQc1
2021-11-17,,,,91.836,,PNCGQc1
2021-11-18,,,,92.104,2,PNCGQc1
2021-11-19,,,,84.242,14,PNCGQc1
2021-11-22,83.85,82.95,82.95,81.819,27,PNCGQc1
2021-11-23,,,,88.674,,PNCGQc1
2021-11-24,89.0,89.0,89.0,91.524,3,PNCGQc1
2021-11-25,,,,91.488,,PNCGQc1
2021-11-26,,,,86.035,,PNCGQc1
2021-11-29,90.375,90.375,90.375,91.631,1,PNCGQc1
2021-11-30,94.25,94.25,94.25,90.928,5,PNCGQc1
2021-12-01,93.35,93.35,93.35,93.35,26,PNCGQc1
2021-12-02,92.9,92.7,92.9,92.82,25,PNCGQc1
2021-12-03,90.95,87.45,90.95,87.45,134,PNCGQc1
2021-12-06,88.25,87.025,87.025,88.051,50,PNCGQc1
2021-12-07,94.175,94.1,94.1,94.1,44,PNCGQc1
2021-12-08,100.5,99.0,99.0,99.0,24,PNCGQc1
2021-12-09,102.5,98.65,102.5,98.796,29,PNCGQc1
2021-12-10,104.15,101.15,101.15,103.9,47,PNCGQc1
2021-12-13,116.0,113.2,116.0,113.531,90,PNCGQc1
2021-12-14,125.5,116.05,116.9,124.882,48,PNCGQc1
2021-12-15,128.0,123.425,123.425,127.417,45,PNCGQc1
2021-12-16,136.3,127.075,130.5,135.833,237,PNCGQc1
2021-12-17,132.4,130.2,130.2,131.8,86,PNCGQc1
2021-12-20,142.3,138.0,138.0,142.13,36,PNCGQc1
2021-12-21,177.0,167.5,167.5,175.69,186,PNCGQc1
2021-12-22,174.5,169.0,174.5,169.5,46,PNCGQc1
2021-12-23,141.05,125.0,141.05,131.0,148,PNCGQc1
2021-12-24,141.05,109.0,110.0,110.25,24,PNCGQc1
2021-12-27,105.7,105.0,105.0,105.33,20,PNCGQc1
2021-12-28,106.0,97.5,97.5,105.75,41,PNCGQc1
2021-12-29,105.0,95.5,97.62,96.3,49,PNCGQc1
2021-12-30,,,,76.779,,PNCGQc1
2021-12-31,,,,65.187,,PNCGQc1
2022-01-03,,,,72.609,,PNCGQc1
2022-01-04,,,,80.518,,PNCGQc1
2022-01-05,,,,82.922,,PNCGQc1
2022-01-06,,,,85.165,,PNCGQc1
2022-01-07,,,,78.797,,PNCGQc1
2022-01-10,79.3,79.3,79.3,77.737,10,PNCGQc1
2022-01-11,74.75,74.75,74.75,71.534,5,PNCGQc1
2022-01-12,70.0,69.25,70.0,64.713,9,PNCGQc1
2022-01-13,62.5,62.5,62.5,65.251,1,PNCGQc1
2022-01-14,,,,66.848,,PNCGQc1
2022-01-17,,,,64.389,,PNCGQc1
2022-01-18,,,,64.836,,PNCGQc1
2022-01-19,,,,62.972,3,PNCGQc1
2022-01-20,,,,65.047,5,PNCGQc1
2022-01-21,,,,69.203,,PNCGQc1
2022-01-24,,,,81.648,,PNCGQc1
2022-01-25,,,,83.731,,PNCGQc1
2022-01-26,,,,85.829,,PNCGQc1
2022-01-27,,,,88.616,,PNCGQc1
2022-01-28,,,,88.626,,PNCGQc1
2022-01-31,,,,81.661,,PNCGQc1
2022-02-01,73.8,73.8,73.8,72.928,2,PNCGQc1
2022-02-02,,,,75.52,,PNCGQc1
2022-02-03,,,,79.321,,PNCGQc1
2022-02-04,81.0,81.0,81.0,81.191,2,PNCGQc1
2022-02-07,76.4,76.3,76.4,78.827,38,PNCGQc1
2022-02-08,81.7,81.7,81.7,76.771,4,PNCGQc1
2022-02-09,,,,73.585,,PNCGQc1
2022-02-10,,,,73.299,,PNCGQc1
2022-02-11,,,,76.885,10,PNCGQc1
2022-02-14,,,,79.782,,PNCGQc1
2022-02-15,,,,67.858,,PNCGQc1
2022-02-16,,,,69.92,,PNCGQc1
2022-02-17,,,,74.293,3,PNCGQc1
2022-02-18,,,,73.39,,PNCGQc1
2022-02-21,,,,72.078,,PNCGQc1
2022-02-22,,,,79.423,5,PNCGQc1
2022-02-23,,,,88.293,,PNCGQc1
2022-02-24,,,,132.186,3,PNCGQc1
2022-02-25,,,,92.181,,PNCGQc1
2022-02-28,,,,98.097,,PNCGQc1
2022-03-01,124.5,120.73,120.73,120.731,24,PNCGQc1
2022-03-02,167.0,162.0,162.0,163.354,13,PNCGQc1
2022-03-03,159.0,156.0,156.0,159.576,14,PNCGQc1
2022-03-04,195.0,188.0,188.5,188.023,11,PNCGQc1
2022-03-07,218.0,218.0,218.0,217.901,11,PNCGQc1
2022-03-08,207.0,207.0,207.0,207.052,48,PNCGQc1
2022-03-09,157.0,155.0,157.0,154.925,124,PNCGQc1
2022-03-10,138.0,124.325,138.0,124.356,31,PNCGQc1
2022-03-11,134.7,113.5,113.5,132.031,81,PNCGQc1
2022-03-14,,,,115.6,,PNCGQc1
2022-03-15,,,,115.269,5,PNCGQc1
2022-03-16,,,,102.915,25,PNCGQc1
2022-03-17,,,,105.243,113,PNCGQc1
2022-03-18,106.7,104.4,106.7,104.574,14,PNCGQc1
2022-03-21,98.2,97.4,98.2,97.476,6,PNCGQc1
2022-03-22,,,,99.032,,PNCGQc1
2022-03-23,121.0,121.0,121.0,117.614,20,PNCGQc1
2022-03-24,120.0,120.0,120.0,113.159,55,PNCGQc1
2022-03-25,110.3,105.7,110.3,103.688,39,PNCGQc1
2022-03-28,,,,104.799,,PNCGQc1
2022-03-29,,,,111.463,50,PNCGQc1
2022-03-30,125.2,121.44,122.95,121.15,274,PNCGQc1
2022-03-31,127.6,119.0,125.0,128.46,42,PNCGQc1
2022-04-01,128.8,122.04,128.8,116.48,76,PNCGQc1
2022-04-04,113.0,113.0,113.0,113.03,103,PNCGQc1
2022-04-05,112.5,109.15,109.15,112.443,94,PNCGQc1
2022-04-06,113.0,113.0,113.0,110.78,171,PNCGQc1
2022-04-07,,,,107.53,207,PNCGQc1
2022-04-08,,,,107.19,121,PNCGQc1
2022-04-11,106.5,106.5,106.5,103.23,36,PNCGQc1
2022-04-12,,,,105.185,15,PNCGQc1
2022-04-13,107.75,107.75,107.75,108.0,271,PNCGQc1
2022-04-14,105.2,102.35,105.2,98.145,55,PNCGQc1
2022-04-19,97.0,95.65,96.7,96.175,47,PNCGQc1
2022-04-20,100.6,100.6,100.6,96.55,9,PNCGQc1
2022-04-21,98.35,97.2,97.2,101.9,165,PNCGQc1
2022-04-22,,,,97.25,5,PNCGQc1
2022-04-25,100.6,100.6,100.6,94.8,12,PNCGQc1
2022-04-26,,,,103.76,6,PNCGQc1
2022-04-27,,,,109.0,,PNCGQc1
2022-04-28,,,,101.68,30,PNCGQc1
2022-04-29,105.2,100.5,100.5,101.15,89,PNCGQc1
2022-05-02,,,,98.412,18,PNCGQc1
2022-05-03,102.4,99.0,99.0,100.287,643,PNCGQc1
2022-05-04,107.0,106.4,107.0,105.37,541,PNCGQc1
2022-05-05,,,,107.92,156,PNCGQc1
2022-05-06,,,,103.279,210,PNCGQc1
2022-05-09,98.4,96.4,98.4,95.938,56,PNCGQc1
2022-05-10,99.5,99.0,99.0,100.95,260,PNCGQc1
2022-05-11,100.85,99.0,100.85,97.28,456,PNCGQc1
2022-05-12,114.915,110.45,110.625,110.01,435,PNCGQc1
2022-05-13,108.95,103.675,108.95,101.777,267,PNCGQc1
2022-05-16,,,,96.93,72,PNCGQc1
2022-05-17,103.2,92.7,92.7,99.8,197,PNCGQc1
2022-05-18,103.7,100.05,103.7,99.4,131,PNCGQc1
2022-05-19,98.8,96.4,98.8,95.35,145,PNCGQc1
2022-05-20,95.045,93.805,94.1,91.846,6,PNCGQc1
2022-05-23,90.375,88.8,90.375,87.92,25,PNCGQc1
2022-05-24,91.95,89.7,90.55,89.61,228,PNCGQc1
2022-05-25,91.4,90.6,90.6,93.524,137,PNCGQc1
2022-05-26,,,,91.7,,PNCGQc1
2022-05-27,93.0,90.25,90.25,93.218,30,PNCGQc1
2022-05-30,,,,92.515,5,PNCGQc1
2022-05-31,95.25,94.75,94.75,95.344,30,PNCGQc1
2022-06-01,87.71,87.71,87.71,88.0,53,PNCGQc1
2022-06-02,87.1,87.1,87.1,86.91,27,PNCGQc1
2022-06-03,,,,86.069,10,PNCGQc1
2022-06-06,,,,85.22,5,PNCGQc1
2022-06-07,,,,82.35,,PNCGQc1
2022-06-08,82.1,80.6,81.4,81.921,70,PNCGQc1
2022-06-09,87.65,86.0,87.0,86.79,168,PNCGQc1
2022-06-10,87.0,86.5,87.0,84.791,18,PNCGQc1
2022-06-13,86.25,85.65,85.65,85.375,75,PNCGQc1
2022-06-14,101.4,88.0,88.0,98.45,263,PNCGQc1
2022-06-15,120.5,99.75,100.0,120.76,92,PNCGQc1
2022-06-16,,,,126.65,165,PNCGQc1
2022-06-17,131.35,121.5,131.35,118.542,54,PNCGQc1
2022-06-20,125.0,125.0,125.0,123.1,130,PNCGQc1
2022-06-21,126.0,126.0,126.0,126.768,36,PNCGQc1
2022-06-22,130.8,130.8,130.8,129.0,5,PNCGQc1
2022-06-23,135.5,133.0,133.0,134.882,31,PNCGQc1
2022-06-24,134.4,132.75,134.0,130.47,27,PNCGQc1
2022-06-27,133.0,131.75,133.0,131.65,51,PNCGQc1
2022-06-28,130.25,129.0,130.25,131.269,55,PNCGQc1
2022-06-29,148.0,147.5,148.0,149.072,120,PNCGQc1
2022-06-30,156.75,156.75,156.75,155.188,214,PNCGQc1
2022-07-01,156.5,156.0,156.3,158.802,147,PNCGQc1
2022-07-04,166.1,166.1,166.1,171.172,16,PNCGQc1
2022-07-05,180.0,174.2,180.0,171.876,179,PNCGQc1
2022-07-06,175.4,167.5,167.5,178.093,309,PNCGQc1
2022-07-07,191.3,185.5,188.0,190.748,117,PNCGQc1
2022-07-08,190.0,184.3,190.0,182.91,88,PNCGQc1
2022-07-11,178.0,175.5,178.0,171.746,36,PNCGQc1
2022-07-12,181.5,179.75,181.0,179.771,166,PNCGQc1
2022-07-13,188.3,187.5,188.3,186.666,30,PNCGQc1
2022-07-14,183.6,183.0,183.6,183.641,56,PNCGQc1
2022-07-15,175.75,167.0,175.75,167.976,293,PNCGQc1
2022-07-18,165.25,165.25,165.25,167.117,23,PNCGQc1
2022-07-19,175.75,166.0,175.75,164.589,56,PNCGQc1
2022-07-20,171.0,162.0,169.35,164.223,116,PNCGQc1
2022-07-21,,,,161.599,,PNCGQc1
2022-07-22,169.85,169.85,169.85,167.183,4,PNCGQc1
2022-07-25,,,,182.15,70,PNCGQc1
2022-07-26,,,,207.124,332,PNCGQc1
2022-07-27,229.0,205.9,229.0,210.1,69,PNCGQc1
2022-07-28,207.0,204.5,207.0,202.929,25,PNCGQc1
2022-07-29,199.1,199.1,199.1,193.967,17,PNCGQc1
2022-08-01,201.5,201.5,201.5,202.817,41,PNCGQc1
2022-08-02,209.7,209.7,209.7,207.021,8,PNCGQc1
2022-08-03,207.4,205.0,207.4,201.474,173,PNCGQc1
2022-08-04,,,,201.6,30,PNCGQc1
2022-08-05,200.0,198.5,199.8,198.874,35,PNCGQc1
2022-08-08,196.5,196.5,196.5,196.026,24,PNCGQc1
2022-08-09,,,,197.11,26,PNCGQc1
2022-08-10,,,,211.147,,PNCGQc1
2022-08-11,216.0,216.0,216.0,215.423,71,PNCGQc1
2022-08-12,218.3,218.3,218.3,214.198,11,PNCGQc1
2022-08-15,219.7,219.7,219.7,227.588,6,PNCGQc1
2022-08-16,253.0,235.0,235.0,234.769,31,PNCGQc1
2022-08-17,,,,232.921,140,PNCGQc1
2022-08-18,,,,246.501,230,PNCGQc1
2022-08-19,253.5,249.5,249.5,250.648,75,PNCGQc1
2022-08-22,,,,281.977,5,PNCGQc1
2022-08-23,277.0,277.0,277.0,276.337,10,PNCGQc1
2022-08-24,,,,298.131,77,PNCGQc1
2022-08-25,323.0,317.0,323.0,328.867,29,PNCGQc1
2022-08-26,329.0,316.0,316.0,347.847,44,PNCGQc1
2022-08-29,307.0,299.0,307.0,298.044,4,PNCGQc1
2022-08-30,267.0,267.0,267.0,272.481,22,PNCGQc1
2022-08-31,243.5,243.5,243.5,248.0,5,PNCGQc1
2022-09-01,250.7,242.0,250.7,249.176,53,PNCGQc1
2022-09-02,220.0,214.0,214.0,221.019,25,PNCGQc1
2022-09-05,282.25,251.0,282.25,253.65,36,PNCGQc1
2022-09-06,234.4,234.4,234.4,244.896,1,PNCGQc1
2022-09-07,242.0,214.0,238.5,219.0,71,PNCGQc1
2022-09-08,213.05,210.0,213.05,222.36,289,PNCGQc1
2022-09-09,218.25,214.75,218.25,214.141,19,PNCGQc1
2022-09-12,200.2,198.5,199.5,198.482,11,PNCGQc1
2022-09-13,,,,204.679,31,PNCGQc1
2022-09-14,223.8,222.5,222.5,223.483,95,PNCGQc1
2022-09-15,237.2,231.65,237.2,222.299,246,PNCGQc1
2022-09-16,202.0,202.0,202.0,198.85,54,PNCGQc1
2022-09-19,193.75,193.75,193.75,194.777,12,PNCGQc1
2022-09-20,198.18,197.85,198.18,204.089,13,PNCGQc1
2022-09-21,,,,202.835,25,PNCGQc1
2022-09-22,203.0,203.0,203.0,200.317,4,PNCGQc1
2022-09-23,,,,199.866,,PNCGQc1
2022-09-26,188.8,188.8,188.8,189.649,1,PNCGQc1
2022-09-27,,,,200.981,312,PNCGQc1
2022-09-28,,,,219.676,3,PNCGQc1
2022-09-29,216.0,205.0,214.5,209.084,70,PNCGQc1
2022-09-30,199.6,197.0,199.6,197.91,191,PNCGQc1
2022-10-03,,,,179.243,,PNCGQc1
2022-10-04,177.5,175.05,175.05,172.135,128,PNCGQc1
2022-10-05,186.865,179.9,179.9,186.957,44,PNCGQc1
2022-10-06,,,,186.341,95,PNCGQc1
2022-10-07,178.045,171.0,177.0,171.307,74,PNCGQc1
2022-10-10,177.75,174.0,177.0,174.348,25,PNCGQc1
2022-10-11,,,,177.853,25,PNCGQc1
2022-10-12,179.2,177.4,179.2,177.983,160,PNCGQc1
2022-10-13,177.75,174.0,177.75,172.496,96,PNCGQc1
2022-10-14,167.3,165.75,167.3,163.672,8,PNCGQc1
2022-10-17,162.5,162.5,162.5,159.24,7,PNCGQc1
2022-10-18,154.75,148.25,154.75,148.55,70,PNCGQc1
2022-10-19,144.75,144.75,144.75,142.481,116,PNCGQc1
2022-10-20,162.0,153.0,155.0,158.38,148,PNCGQc1
2022-10-21,151.5,149.455,149.5,151.488,370,PNCGQc1
2022-10-24,146.5,140.9,146.5,145.497,104,PNCGQc1
2022-10-25,146.5,142.5,142.5,143.727,66,PNCGQc1
2022-10-26,143.0,140.0,142.49,142.745,77,PNCGQc1
2022-10-27,145.625,144.6,144.6,144.818,68,PNCGQc1
2022-10-28,153.0,150.0,152.0,146.8,124,PNCGQc1
2022-10-31,137.0,132.0,137.0,132.188,16,PNCGQc1
2022-11-01,130.5,126.0,129.0,125.694,77,PNCGQc1
2022-11-02,135.5,132.0,132.0,134.752,198,PNCGQc1
2022-11-03,138.5,137.9,138.5,134.98,61,PNCGQc1
2022-11-04,131.2,126.95,130.5,126.355,140,PNCGQc1
2022-11-07,125.0,120.9,125.0,122.448,182,PNCGQc1
2022-11-08,128.5,124.0,128.0,128.515,152,PNCGQc1
2022-11-09,128.0,124.0,125.0,123.302,484,PNCGQc1
2022-11-10,123.5,121.75,122.35,122.412,105,PNCGQc1
2022-11-11,115.15,110.25,115.15,108.578,114,PNCGQc1
2022-11-14,118.3,113.74,113.74,122.593,149,PNCGQc1
2022-11-15,135.0,130.5,131.0,132.222,490,PNCGQc1
2022-11-16,127.0,124.0,127.0,123.905,128,PNCGQc1
2022-11-17,125.75,115.7,115.7,122.381,403,PNCGQc1
2022-11-18,120.3,119.25,120.3,124.822,264,PNCGQc1
2022-11-21,127.0,124.0,126.8,124.08,62,PNCGQc1
2022-11-22,130.3,124.0,124.0,129.66,240,PNCGQc1
2022-11-23,141.5,134.0,141.5,137.486,316,PNCGQc1
2022-11-24,133.75,131.1,132.0,131.499,145,PNCGQc1
2022-11-25,131.0,129.7,130.68,131.398,229,PNCGQc1
2022-11-28,129.7,127.75,127.75,129.516,93,PNCGQc1
2022-11-29,137.95,134.0,135.0,137.289,78,PNCGQc1
2022-11-30,149.5,142.0,142.0,146.61,49,PNCGQc1
2022-12-01,155.25,138.5,155.25,141.205,54,PNCGQc1
2022-12-02,137.7,133.55,137.0,136.853,86,PNCGQc1
2022-12-05,140.885,134.5,139.99,135.625,187,PNCGQc1
2022-12-06,138.035,135.8,137.0,139.935,98,PNCGQc1
2022-12-07,149.5,143.35,143.75,150.212,129,PNCGQc1
2022-12-08,153.25,145.5,153.0,140.865,260,PNCGQc1
2022-12-09,142.4,139.0,139.25,140.677,50,PNCGQc1
2022-12-12,138.0,132.0,132.0,138.714,136,PNCGQc1
2022-12-13,138.4,138.4,138.4,139.249,5,PNCGQc1
2022-12-14,134.0,132.25,133.9,134.0,342,PNCGQc1
2022-12-15,137.41,134.25,136.75,136.105,111,PNCGQc1
2022-12-16,127.5,119.0,127.5,117.62,167,PNCGQc1
2022-12-19,111.75,110.85,111.385,110.836,38,PNCGQc1
2022-12-20,110.4,105.9,105.9,107.56,154,PNCGQc1
2022-12-21,101.2,99.75,100.5,100.261,77,PNCGQc1
2022-12-22,96.5,94.9,96.0,94.095,177,PNCGQc1
2022-12-23,88.5,85.6,88.5,85.688,28,PNCGQc1
2022-12-26,88.5,85.6,88.5,,28,PNCGQc1
2022-12-27,,,,83.1,10,PNCGQc1
2022-12-28,86.0,80.75,80.75,84.415,20,PNCGQc1
2022-12-29,88.15,88.15,88.15,89.169,18,PNCGQc1
2022-12-30,84.75,82.5,84.75,79.22,18,PNCGQc1
2023-01-02,80.05,79.41,79.5,81.558,16,PNCGQc1
2023-01-03,81.0,79.4,81.0,77.84,34,PNCGQc1
2023-01-04,72.0,71.0,72.0,68.655,40,PNCGQc1
2023-01-05,70.75,70.25,70.25,75.04,21,PNCGQc1
2023-01-06,73.25,73.25,73.25,73.395,6,PNCGQc1
2023-01-09,,,,77.04,,PNCGQc1
2023-01-10,74.0,72.8,72.8,73.266,119,PNCGQc1
2023-01-11,,,,68.8,50,PNCGQc1
2023-01-12,69.985,69.985,69.985,69.67,3,PNCGQc1
2023-01-13,67.5,65.945,67.5,66.843,3,PNCGQc1
2023-01-16,62.0,58.095,62.0,58.237,32,PNCGQc1
2023-01-17,58.9,57.0,57.5,62.763,88,PNCGQc1
2023-01-18,64.5,64.5,64.5,64.141,27,PNCGQc1
2023-01-19,63.0,62.5,62.75,63.473,23,PNCGQc1
2023-01-20,66.35,65.3,65.3,68.861,144,PNCGQc1
2023-01-23,69.5,68.7,68.7,68.535,7,PNCGQc1
2023-01-24,63.05,62.0,62.15,60.768,66,PNCGQc1
2023-01-25,60.08,60.08,60.08,58.723,23,PNCGQc1
2023-01-26,59.8,58.75,59.615,57.077,96,PNCGQc1
2023-01-27,56.1,56.1,56.1,56.795,235,PNCGQc1
2023-01-30,59.0,58.15,58.8,57.045,118,PNCGQc1
2023-01-31,60.8,60.8,60.8,59.441,42,PNCGQc1
2023-02-01,,,,61.72,220,PNCGQc1
2023-02-02,,,,59.503,160,PNCGQc1
2023-02-03,,,,60.195,115,PNCGQc1
2023-02-06,59.0,59.0,59.0,60.142,58,PNCGQc1
2023-02-07,59.5,58.0,59.5,57.65,33,PNCGQc1
2023-02-08,56.8,55.6,56.5,55.917,15,PNCGQc1
2023-02-09,,,,55.029,142,PNCGQc1
2023-02-10,,,,55.402,,PNCGQc1
2023-02-13,54.25,54.0,54.0,53.457,39,PNCGQc1
2023-02-14,54.55,54.3,54.55,53.645,267,PNCGQc1
2023-02-15,55.17,54.92,55.17,55.554,-22,PNCGQc1
2023-02-16,53.9,53.9,53.9,53.577,108,PNCGQc1
2023-02-17,51.3,51.3,51.3,50.927,139,PNCGQc1
2023-02-20,52.8,52.8,52.8,50.949,23,PNCGQc1
2023-02-21,49.5,49.5,49.5,49.728,74,PNCGQc1
2023-02-22,51.2,51.0,51.2,51.118,78,PNCGQc1
2023-02-23,51.9,51.0,51.0,51.621,11,PNCGQc1
2023-02-24,53.25,52.9,53.25,51.775,21,PNCGQc1
2023-02-27,,,,48.577,,PNCGQc1
2023-02-28,48.65,48.15,48.65,47.761,15,PNCGQc1
2023-03-01,49.25,49.0,49.0,47.908,32,PNCGQc1
2023-03-02,48.8,47.48,48.8,47.679,17,PNCGQc1
2023-03-03,46.25,46.2,46.25,45.881,51,PNCGQc1
2023-03-06,,,,43.135,,PNCGQc1
2023-03-07,44.2,43.15,43.15,44.135,39,PNCGQc1
2023-03-08,44.8,43.6,44.8,43.373,9,PNCGQc1
2023-03-09,43.7,42.5,42.5,44.372,77,PNCGQc1
2023-03-10,55.0,47.4,48.4,53.274,163,PNCGQc1
2023-03-13,52.85,50.25,52.85,50.819,66,PNCGQc1
2023-03-14,46.0,45.5,46.0,45.31,27,PNCGQc1
2023-03-15,,,,43.975,,PNCGQc1
2023-03-16,45.65,43.05,43.05,45.313,36,PNCGQc1
2023-03-17,45.05,45.05,45.05,44.127,31,PNCGQc1
2023-03-20,41.15,41.15,41.15,40.617,17,PNCGQc1
2023-03-21,41.0,41.0,41.0,43.517,1,PNCGQc1
2023-03-22,41.4,41.1,41.4,41.35,5,PNCGQc1
2023-03-23,44.2,44.2,44.2,44.163,5,PNCGQc1
2023-03-24,43.2,42.58,42.65,42.298,17,PNCGQc1
2023-03-27,43.5,42.7,43.5,43.374,12,PNCGQc1
2023-03-28,42.1,42.1,42.1,43.812,140,PNCGQc1
2023-03-29,44.75,44.75,44.75,43.579,96,PNCGQc1
2023-03-30,45.4,44.675,44.8,45.341,184,PNCGQc1
2023-03-31,47.35,47.35,47.35,49.628,21,PNCGQc1
2023-04-03,52.35,50.75,51.45,53.3,92,PNCGQc1
2023-04-04,51.3,48.0,51.3,49.261,113,PNCGQc1
2023-04-05,47.0,47.0,47.0,47.016,64,PNCGQc1
2023-04-06,46.4,45.0,46.4,45.368,10,PNCGQc1
2023-04-11,,,,46.416,,PNCGQc1
2023-04-12,46.15,45.77,46.15,45.645,29,PNCGQc1
2023-04-13,45.3,44.52,45.3,44.7,88,PNCGQc1
2023-04-14,43.72,43.72,43.72,43.764,11,PNCGQc1
2023-04-17,43.75,43.75,43.75,43.82,42,PNCGQc1
2023-04-18,45.45,45.0,45.45,45.219,16,PNCGQc1
2023-04-19,45.0,42.4,45.0,43.17,42,PNCGQc1
2023-04-20,43.6,42.6,42.6,43.23,38,PNCGQc1
2023-04-21,43.725,42.85,43.7,42.89,53,PNCGQc1
2023-04-24,42.5,42.5,42.5,42.445,25,PNCGQc1
2023-04-25,42.45,41.8,41.8,42.41,27,PNCGQc1
2023-04-26,41.4,40.75,41.4,41.01,27,PNCGQc1
2023-04-27,40.75,40.75,40.75,41.68,137,PNCGQc1
2023-04-28,42.6,42.5,42.55,41.2,46,PNCGQc1
2023-05-02,40.5,40.35,40.35,40.064,30,PNCGQc1
2023-05-03,39.15,38.75,39.15,39.11,97,PNCGQc1
2023-05-04,38.55,38.3,38.5,38.2,34,PNCGQc1
2023-05-05,38.73,38.55,38.55,39.156,89,PNCGQc1
2023-05-08,39.12,38.3,38.3,39.375,13,PNCGQc1
2023-05-09,39.4,38.8,39.1,38.687,241,PNCGQc1
2023-05-10,38.6,38.0,38.25,37.71,195,PNCGQc1
2023-05-11,37.35,37.3,37.35,37.566,23,PNCGQc1
2023-05-12,36.75,34.9,36.75,35.585,167,PNCGQc1
2023-05-15,35.0,34.2,35.0,34.575,702,PNCGQc1
2023-05-16,34.75,34.75,34.75,34.316,215,PNCGQc1
2023-05-17,,,,34.285,71,PNCGQc1
2023-05-18,,,,32.16,171,PNCGQc1
2023-05-19,32.8,32.7,32.7,32.47,132,PNCGQc1
2023-05-22,,,,32.5,218,PNCGQc1
2023-05-23,32.3,32.3,32.3,32.11,17,PNCGQc1
2023-05-24,31.6,31.25,31.6,31.06,88,PNCGQc1
2023-05-25,29.65,29.65,29.65,28.69,106,PNCGQc1
2023-05-26,28.6,27.225,28.6,27.415,290,PNCGQc1
2023-05-29,,,,27.515,,PNCGQc1
2023-05-30,28.1,28.1,28.1,27.793,115,PNCGQc1
2023-05-31,29.95,28.4,29.95,29.23,493,PNCGQc1
2023-06-01,,,,25.681,295,PNCGQc1
2023-06-02,25.9,25.9,25.9,26.109,400,PNCGQc1
2023-06-05,29.2,28.8,28.8,30.34,748,PNCGQc1
2023-06-06,28.9,28.1,28.8,27.065,63,PNCGQc1
2023-06-07,27.55,27.35,27.55,28.13,4,PNCGQc1
2023-06-08,28.9,28.9,28.9,28.848,1,PNCGQc1
2023-06-09,31.45,31.45,31.45,33.91,1,PNCGQc1
2023-06-12,33.2,32.25,32.25,33.06,18,PNCGQc1
2023-06-13,35.55,33.3,33.3,37.674,4,PNCGQc1
2023-06-14,39.35,35.35,35.35,39.794,3,PNCGQc1
2023-06-15,46.35,40.5,46.35,41.41,12,PNCGQc1
2023-06-16,38.3,37.8,38.3,36.56,26,PNCGQc1
2023-06-19,35.5,33.75,33.75,36.425,45,PNCGQc1
2023-06-20,,,,40.32,3,PNCGQc1
2023-06-21,39.5,38.5,39.5,38.12,44,PNCGQc1
2023-06-22,,,,35.552,1,PNCGQc1
2023-06-23,34.0,34.0,34.0,34.016,1,PNCGQc1
2023-06-26,34.15,34.15,34.15,33.503,1,PNCGQc1
2023-06-27,,,,35.48,69,PNCGQc1
2023-06-28,34.85,34.85,34.85,35.088,15,PNCGQc1
2023-06-29,,,,48.819,,PNCGQc1
2023-06-30,,,,50.606,153,PNCGQc1
2023-07-03,,,,47.829,,PNCGQc1
2023-07-04,47.45,47.25,47.25,49.376,22,PNCGQc1
2023-07-05,49.55,49.55,49.55,49.498,1,PNCGQc1
2023-07-06,48.5,48.5,48.5,48.54,17,PNCGQc1
2023-07-07,49.9,49.3,49.3,49.929,36,PNCGQc1
2023-07-10,47.25,46.7,47.25,46.776,34,PNCGQc1
2023-07-11,,,,44.838,3,PNCGQc1
2023-07-12,44.0,43.9,44.0,42.2,12,PNCGQc1
2023-07-13,41.45,41.45,41.45,42.5,15,PNCGQc1
2023-07-14,44.45,43.05,44.45,43.087,138,PNCGQc1
2023-07-17,42.215,41.8,41.8,42.4,111,PNCGQc1
2023-07-18,44.0,44.0,44.0,44.7,96,PNCGQc1
2023-07-19,,,,45.289,,PNCGQc1
2023-07-20,,,,45.808,17,PNCGQc1
2023-07-21,47.4,47.4,47.4,45.259,1,PNCGQc1
2023-07-24,,,,46.667,,PNCGQc1
2023-07-25,48.35,48.35,48.35,48.123,114,PNCGQc1
2023-07-26,47.6,47.6,47.6,45.522,21,PNCGQc1
2023-07-27,,,,44.777,,PNCGQc1
2023-07-28,41.8,41.8,41.8,42.2,2,PNCGQc1
2023-07-31,42.6,42.6,42.6,43.371,4,PNCGQc1
2023-08-01,44.2,42.35,44.2,42.368,8,PNCGQc1
2023-08-02,42.175,42.075,42.075,42.154,7,PNCGQc1
2023-08-03,42.85,42.85,42.85,42.861,4,PNCGQc1
2023-08-04,42.4,41.8,42.4,42.06,6,PNCGQc1
2023-08-07,42.55,42.425,42.425,43.033,233,PNCGQc1
2023-08-08,43.35,43.35,43.35,43.43,1,PNCGQc1
2023-08-09,49.2,44.55,44.55,49.014,33,PNCGQc1
2023-08-10,47.8,47.175,47.6,47.085,18,PNCGQc1
2023-08-11,47.55,47.3,47.5,46.796,34,PNCGQc1
2023-08-14,,,,46.72,,PNCGQc1
2023-08-15,51.85,48.4,48.4,51.07,13,PNCGQc1
2023-08-16,51.5,50.2,51.2,50.525,23,PNCGQc1
2023-08-17,51.8,50.2,51.8,49.92,224,PNCGQc1
2023-08-18,50.5,50.3,50.5,50.46,112,PNCGQc1
2023-08-21,53.0,51.575,51.575,53.553,123,PNCGQc1
2023-08-22,55.8,52.1,52.1,54.546,74,PNCGQc1
2023-08-23,53.675,49.89,53.675,50.216,39,PNCGQc1
2023-08-24,46.15,46.15,46.15,44.376,181,PNCGQc1
2023-08-25,45.85,45.85,45.85,46.199,5,PNCGQc1
2023-08-28,,,,49.246,,PNCGQc1
2023-08-29,48.0,47.55,47.6,46.719,28,PNCGQc1
2023-08-30,46.95,46.95,46.95,47.967,22,PNCGQc1
2023-08-31,46.9,46.8,46.9,44.581,72,PNCGQc1
2023-09-01,45.25,45.25,45.25,44.624,13,PNCGQc1
2023-09-04,44.3,43.52,43.52,43.209,12,PNCGQc1
2023-09-05,,,,44.22,85,PNCGQc1
2023-09-06,,,,41.265,87,PNCGQc1
2023-09-07,42.05,41.0,41.55,42.274,7,PNCGQc1
2023-09-08,44.4,44.4,44.4,43.526,105,PNCGQc1
2023-09-11,45.3,45.3,45.3,44.395,5,PNCGQc1
2023-09-12,43.7,43.325,43.7,43.523,30,PNCGQc1
2023-09-13,,,,45.158,5,PNCGQc1
2023-09-14,43.95,43.95,43.95,44.107,6,PNCGQc1
2023-09-15,,,,44.438,73,PNCGQc1
2023-09-18,43.155,42.8,43.155,42.753,17,PNCGQc1
2023-09-19,42.7,42.7,42.7,44.069,32,PNCGQc1
2023-09-20,43.35,43.0,43.0,43.462,12,PNCGQc1
2023-09-21,42.5,42.5,42.5,44.531,2,PNCGQc1
2023-09-22,,,,44.902,,PNCGQc1
2023-09-25,48.0,48.0,48.0,48.254,13,PNCGQc1
2023-09-26,45.65,44.8,45.65,44.49,38,PNCGQc1
2023-09-27,,,,43.685,9,PNCGQc1
2023-09-28,49.995,48.8,49.995,48.697,82,PNCGQc1
2023-09-29,48.3,47.7,48.0,48.057,152,PNCGQc1
2023-10-02,47.35,46.5,47.35,46.578,146,PNCGQc1
2023-10-03,44.7,44.2,44.7,44.781,93,PNCGQc1
2023-10-04,45.725,44.75,44.75,45.73,168,PNCGQc1
2023-10-05,45.25,45.25,45.25,44.633,120,PNCGQc1
2023-10-06,45.9,44.7,44.75,45.869,154,PNCGQc1
2023-10-09,48.4,48.35,48.4,49.677,52,PNCGQc1
2023-10-10,54.15,51.0,51.45,53.954,98,PNCGQc1
2023-10-11,53.45,52.6,52.9,51.543,146,PNCGQc1
2023-10-12,57.15,53.6,53.6,56.704,31,PNCGQc1
2023-10-13,59.2,56.25,58.2,57.981,-21,PNCGQc1
2023-10-16,57.25,55.25,57.25,54.642,82,PNCGQc1
2023-10-17,54.65,53.2,54.6,55.142,229,PNCGQc1
2023-10-18,57.45,56.73,57.0,57.177,45,PNCGQc1
2023-10-19,57.345,54.7,54.7,57.43,122,PNCGQc1
2023-10-20,59.12,57.2,59.12,58.032,50,PNCGQc1
2023-10-23,57.15,57.15,57.15,58.365,238,PNCGQc1
2023-10-24,58.0,55.995,58.0,55.62,401,PNCGQc1
2023-10-25,55.6,55.2,55.2,54.894,40,PNCGQc1
2023-10-26,55.45,54.85,55.45,55.407,174,PNCGQc1
2023-10-27,56.7,56.1,56.1,55.238,73,PNCGQc1
2023-10-30,57.45,55.75,57.45,55.486,19,PNCGQc1
2023-10-31,53.8,51.35,53.8,50.42,162,PNCGQc1
2023-11-01,,,,50.237,193,PNCGQc1
2023-11-02,50.2,49.3,50.03,51.215,294,PNCGQc1
2023-11-03,51.35,50.05,51.35,50.923,73,PNCGQc1
2023-11-06,49.1,47.4,49.1,47.409,128,PNCGQc1
2023-11-07,49.15,47.8,48.95,48.095,149,PNCGQc1
2023-11-08,48.15,47.65,47.8,47.877,64,PNCGQc1
2023-11-09,50.8,49.3,49.3,50.318,110,PNCGQc1
2023-11-10,49.0,48.5,48.7,48.919,26,PNCGQc1
2023-11-13,48.0,47.1,47.35,49.722,16,PNCGQc1
2023-11-14,50.05,48.45,48.45,49.899,163,PNCGQc1
2023-11-15,50.65,49.05,50.65,49.134,96,PNCGQc1
2023-11-16,48.15,48.15,48.15,47.972,177,PNCGQc1
2023-11-17,47.625,47.05,47.625,47.17,114,PNCGQc1
2023-11-20,48.245,47.9,48.2,47.566,252,PNCGQc1
2023-11-21,47.45,46.7,47.05,46.006,425,PNCGQc1
2023-11-22,46.575,45.05,46.425,46.129,195,PNCGQc1
2023-11-23,48.3,46.35,47.15,48.357,539,PNCGQc1
2023-11-24,48.75,47.6,47.85,48.31,341,PNCGQc1
2023-11-27,46.31,45.75,46.3,45.667,411,PNCGQc1
2023-11-28,44.6,43.775,43.775,44.348,263,PNCGQc1
2023-11-29,42.975,41.8,42.975,42.089,245,PNCGQc1
2023-11-30,43.1,43.1,43.1,42.965,99,PNCGQc1
2023-12-01,44.45,42.7,42.7,44.273,35,PNCGQc1
2023-12-04,41.9,41.825,41.9,41.023,257,PNCGQc1
2023-12-05,40.83,39.6,40.8,39.088,212,PNCGQc1
2023-12-06,40.41,39.8,40.4,40.224,207,PNCGQc1
2023-12-07,41.5,40.8,41.5,40.817,89,PNCGQc1
2023-12-08,40.845,39.95,40.8,39.469,41,PNCGQc1
2023-12-11,37.9,36.825,37.9,37.06,793,PNCGQc1
2023-12-12,37.5,35.55,37.5,35.676,265,PNCGQc1
2023-12-13,37.05,35.875,37.05,36.879,206,PNCGQc1
2023-12-14,36.07,36.0,36.0,35.782,395,PNCGQc1
2023-12-15,35.25,34.205,35.25,34.211,400,PNCGQc1
2023-12-18,36.5,35.15,35.28,36.423,174,PNCGQc1
2023-12-19,34.45,33.5,34.45,33.682,206,PNCGQc1
2023-12-20,34.75,34.25,34.6,34.451,252,PNCGQc1
2023-12-21,36.85,36.05,36.05,35.068,45,PNCGQc1
2023-12-22,35.6,35.1,35.2,35.32,106,PNCGQc1
2023-12-27,37.15,37.15,37.15,36.453,2,PNCGQc1
2023-12-28,,,,33.99,,PNCGQc1
2023-12-29,,,,32.392,115,PNCGQc1
2024-01-02,32.25,31.9,32.25,31.045,10,PNCGQc1
2024-01-03,32.15,32.15,32.15,32.755,3,PNCGQc1
2024-01-04,33.75,32.7,33.75,33.843,57,PNCGQc1
2024-01-05,34.75,34.25,34.45,34.695,6,PNCGQc1
2024-01-08,32.0,32.0,32.0,32.052,5,PNCGQc1
2024-01-09,31.7,31.45,31.45,31.083,47,PNCGQc1
2024-01-10,31.95,31.5,31.5,31.285,17,PNCGQc1
2024-01-11,31.27,30.9,31.255,31.301,12,PNCGQc1
2024-01-12,32.5,32.0,32.5,31.301,1,PNCGQc1
2024-01-15,30.5,30.4,30.4,30.457,6,PNCGQc1
2024-01-16,30.96,30.0,30.5,30.238,10,PNCGQc1
2024-01-17,29.6,29.0,29.6,28.277,103,PNCGQc1
2024-01-18,29.07,28.6,28.6,28.7,8,PNCGQc1
2024-01-19,29.735,29.0,29.0,29.314,21,PNCGQc1
2024-01-22,28.3,28.0,28.0,28.43,18,PNCGQc1
2024-01-23,28.85,28.1,28.85,28.678,88,PNCGQc1
2024-01-24,29.2,29.2,29.2,30.073,5,PNCGQc1
2024-01-25,29.1,28.95,29.1,29.0,52,PNCGQc1
2024-01-26,28.89,28.45,28.89,29.298,28,PNCGQc1
2024-01-29,29.99,29.75,29.75,29.373,16,PNCGQc1
2024-01-30,29.75,29.6,29.6,30.48,80,PNCGQc1
2024-01-31,30.15,30.0,30.0,31.06,63,PNCGQc1
2024-02-01,30.1,30.1,30.1,30.117,12,PNCGQc1
2024-02-02,29.7,29.7,29.7,30.094,70,PNCGQc1
2024-02-05,29.95,29.3,29.95,29.137,51,PNCGQc1
2024-02-06,29.4,29.4,29.4,29.278,17,PNCGQc1
2024-02-07,29.3,28.9,28.95,28.825,78,PNCGQc1
2024-02-08,28.65,28.38,28.5,28.446,20,PNCGQc1
2024-02-09,28.07,27.85,28.07,27.812,9,PNCGQc1
2024-02-12,27.0,26.7,26.9,26.571,5,PNCGQc1
2024-02-13,26.8,26.6,26.8,26.211,42,PNCGQc1
2024-02-14,26.075,25.5,25.75,25.595,44,PNCGQc1
2024-02-15,26.2,25.7,26.2,25.641,24,PNCGQc1
2024-02-16,,,,25.529,3,PNCGQc1
2024-02-19,24.975,24.405,24.975,24.405,180,PNCGQc1
2024-02-20,24.85,24.25,24.25,24.854,36,PNCGQc1
2024-02-21,24.6,24.25,24.575,24.598,13,PNCGQc1
2024-02-22,24.375,23.7,24.375,23.886,61,PNCGQc1
2024-02-23,23.485,22.975,22.975,23.59,166,PNCGQc1
2024-02-26,24.125,23.8,23.8,24.531,14,PNCGQc1
2024-02-27,25.025,24.125,24.38,24.955,25,PNCGQc1
2024-02-28,26.35,25.875,26.2,26.04,52,PNCGQc1
2024-02-29,25.75,25.2,25.6,25.33,19,PNCGQc1
2024-03-01,26.0,25.7,25.9,26.038,45,PNCGQc1
2024-03-04,26.35,25.325,25.45,27.211,72,PNCGQc1
2024-03-05,28.0,26.975,26.975,27.781,96,PNCGQc1
2024-03-06,28.375,27.795,28.375,26.948,72,PNCGQc1
2024-03-07,26.8,26.275,26.8,26.279,198,PNCGQc1
2024-03-08,26.825,26.45,26.725,26.658,12,PNCGQc1
2024-03-11,26.75,25.35,26.75,25.356,39,PNCGQc1
2024-03-12,25.2,25.15,25.2,25.212,26,PNCGQc1
2024-03-13,25.45,25.085,25.45,25.233,37,PNCGQc1
2024-03-14,26.63,25.645,25.645,26.38,41,PNCGQc1
2024-03-15,27.15,26.74,26.74,27.325,34,PNCGQc1
2024-03-18,28.99,28.99,28.99,29.137,101,PNCGQc1
2024-03-19,29.85,29.0,29.85,29.173,54,PNCGQc1
2024-03-20,,,,27.984,,PNCGQc1
2024-03-21,26.705,26.705,26.705,26.739,33,PNCGQc1
2024-03-22,27.4,27.4,27.4,27.946,22,PNCGQc1
2024-03-25,28.96,28.96,28.96,28.774,31,PNCGQc1
2024-03-26,28.0,28.0,28.0,27.807,18,PNCGQc1
2024-03-27,,,,28.317,200,PNCGQc1
2024-03-28,28.35,27.9,28.35,28.071,37,PNCGQc1
2024-04-02,,,,27.09,,PNCGQc1
2024-04-03,26.55,26.3,26.55,26.431,116,PNCGQc1
2024-04-04,,,,27.069,100,PNCGQc1
2024-04-05,27.2,27.175,27.175,27.549,97,PNCGQc1
2024-04-08,28.935,28.375,28.375,28.912,25,PNCGQc1
2024-04-09,29.5,28.75,28.805,28.39,220,PNCGQc1
2024-04-10,28.75,27.925,28.75,28.085,21,PNCGQc1
2024-04-11,30.52,29.505,29.505,30.395,38,PNCGQc1
2024-04-12,31.575,30.88,30.9,31.615,35,PNCGQc1
2024-04-15,31.5,30.75,30.75,31.876,52,PNCGQc1
2024-04-16,34.065,32.575,32.575,33.883,60,PNCGQc1
2024-04-17,33.4,31.875,33.375,31.879,12,PNCGQc1
2024-04-18,33.075,31.3,31.3,32.969,27,PNCGQc1
2024-04-19,,,,31.424,260,PNCGQc1
2024-04-22,30.705,29.925,30.38,30.101,80,PNCGQc1
2024-04-23,29.945,29.325,29.945,29.216,115,PNCGQc1
2024-04-24,29.5,28.95,29.5,29.739,9,PNCGQc1
2024-04-25,31.125,30.665,30.665,30.4,6,PNCGQc1
2024-04-26,30.43,30.0,30.43,29.588,62,PNCGQc1
2024-04-29,28.92,28.92,28.92,28.679,31,PNCGQc1
2024-04-30,30.195,29.345,29.35,29.728,16,PNCGQc1
2024-05-02,31.485,30.725,30.85,31.443,60,PNCGQc1
2024-05-03,32.125,30.75,31.315,31.198,37,PNCGQc1
2024-05-06,32.325,31.86,32.1,32.31,6,PNCGQc1
2024-05-07,32.15,31.8,32.15,31.602,330,PNCGQc1
2024-05-08,31.45,31.3,31.45,31.291,156,PNCGQc1
2024-05-09,,,,31.51,140,PNCGQc1
2024-05-10,30.95,30.48,30.95,30.692,33,PNCGQc1
2024-05-13,30.3,29.95,30.3,30.259,47,PNCGQc1
2024-05-14,30.775,30.775,30.775,30.485,477,PNCGQc1
2024-05-15,30.875,30.55,30.875,30.5,17,PNCGQc1
2024-05-16,31.25,30.9,31.25,30.992,24,PNCGQc1
2024-05-17,31.62,31.2,31.42,31.591,7,PNCGQc1
2024-05-20,32.625,32.555,32.555,32.579,18,PNCGQc1
2024-05-21,34.0,32.15,32.5,33.833,135,PNCGQc1
2024-05-22,35.05,33.95,33.95,35.22,342,PNCGQc1
2024-05-23,36.865,36.2,36.865,36.239,341,PNCGQc1
2024-05-24,35.95,34.85,35.95,34.929,113,PNCGQc1
2024-05-27,35.5,35.5,35.5,35.954,12,PNCGQc1
2024-05-28,34.46,34.375,34.375,34.452,9,PNCGQc1
2024-05-29,34.825,34.825,34.825,34.806,25,PNCGQc1
2024-05-30,35.3,35.3,35.3,35.786,1,PNCGQc1
2024-05-31,35.675,35.675,35.675,34.806,12,PNCGQc1
2024-06-03,,,,36.368,16,PNCGQc1
2024-06-04,,,,34.252,,PNCGQc1
2024-06-05,,,,33.743,33,PNCGQc1
2024-06-06,,,,34.076,5,PNCGQc1
2024-06-07,,,,33.485,,PNCGQc1
2024-06-10,34.655,32.95,32.95,34.659,8,PNCGQc1
2024-06-11,,,,34.745,,PNCGQc1
2024-06-12,36.25,35.45,35.45,35.723,24,PNCGQc1
2024-06-13,37.1,36.5,36.85,36.216,16,PNCGQc1
2024-06-14,,,,35.959,78,PNCGQc1
2024-06-17,36.15,35.4,36.15,34.768,16,PNCGQc1
2024-06-18,35.445,35.0,35.0,35.243,204,PNCGQc1
2024-06-19,35.1,35.1,35.1,35.89,175,PNCGQc1
2024-06-20,35.8,35.56,35.8,35.108,24,PNCGQc1
2024-06-21,34.425,34.425,34.425,34.551,64,PNCGQc1
2024-06-24,34.48,34.3,34.41,34.634,71,PNCGQc1
2024-06-25,35.2,35.2,35.2,35.452,22,PNCGQc1
2024-06-26,,,,34.427,20,PNCGQc1
2024-06-27,38.8,38.55,38.8,38.898,9,PNCGQc1
2024-06-28,38.8,38.475,38.55,38.734,72,PNCGQc1
2024-07-01,39.625,38.15,39.625,38.165,66,PNCGQc1
2024-07-02,38.5,38.5,38.5,38.643,16,PNCGQc1
2024-07-03,38.24,37.9,38.125,37.829,18,PNCGQc1
2024-07-04,38.375,37.725,37.725,38.118,87,PNCGQc1
2024-07-05,38.45,37.875,38.45,37.896,13,PNCGQc1
2024-07-08,37.965,37.7,37.95,37.321,73,PNCGQc1
2024-07-09,36.8,36.1,36.8,36.355,57,PNCGQc1
2024-07-10,36.45,36.15,36.45,35.889,42,PNCGQc1
2024-07-11,36.125,35.65,35.65,36.309,29,PNCGQc1
2024-07-12,36.95,36.165,36.165,37.011,89,PNCGQc1
2024-07-15,37.0,36.4,37.0,36.388,16,PNCGQc1
2024-07-16,37.42,36.9,37.0,37.45,42,PNCGQc1
2024-07-17,37.455,36.665,37.325,36.641,101,PNCGQc1
2024-07-18,37.05,36.8,36.8,37.168,34,PNCGQc1
2024-07-19,37.0,36.72,36.725,36.882,40,PNCGQc1
2024-07-22,36.07,36.07,36.07,36.496,22,PNCGQc1
2024-07-23,36.54,36.225,36.54,36.392,72,PNCGQc1
2024-07-24,37.375,36.525,36.53,37.281,60,PNCGQc1
2024-07-25,37.0,36.725,36.95,36.655,29,PNCGQc1
2024-07-26,,,,37.066,,PNCGQc1
2024-07-29,37.825,37.825,37.825,38.216,6,PNCGQc1
2024-07-30,38.405,37.81,37.975,38.5,27,PNCGQc1
2024-07-31,39.06,38.72,38.9,39.113,20,PNCGQc1
2024-08-01,40.07,40.07,40.07,40.143,136,PNCGQc1
2024-08-02,39.9,39.7,39.775,39.929,57,PNCGQc1
2024-08-05,38.86,38.43,38.86,38.817,41,PNCGQc1
2024-08-06,39.75,39.375,39.375,39.592,15,PNCGQc1
2024-08-07,41.22,39.1,39.1,41.208,200,PNCGQc1
2024-08-08,41.65,41.65,41.65,42.769,517,PNCGQc1
2024-08-09,43.3,42.505,42.505,43.247,14,PNCGQc1
2024-08-12,44.4,42.9,44.4,42.761,80,PNCGQc1
2024-08-13,43.325,42.315,42.315,42.667,129,PNCGQc1
2024-08-14,43.1,42.365,43.1,42.25,285,PNCGQc1
2024-08-15,42.9,42.425,42.43,42.799,106,PNCGQc1
2024-08-16,42.8,42.75,42.8,42.947,135,PNCGQc1
2024-08-19,42.85,42.85,42.85,42.799,166,PNCGQc1
2024-08-20,42.9,40.9,42.71,40.868,64,PNCGQc1
2024-08-21,40.625,40.0,40.625,39.973,45,PNCGQc1
2024-08-22,40.375,39.3,40.375,39.54,21,PNCGQc1
2024-08-23,40.375,39.6,40.375,39.851,39,PNCGQc1
2024-08-26,40.65,40.3,40.6,40.554,10,PNCGQc1
2024-08-27,41.45,41.27,41.27,41.292,8,PNCGQc1
2024-08-28,41.835,41.235,41.6,41.229,22,PNCGQc1
2024-08-29,41.0,40.2,40.595,40.834,38,PNCGQc1
2024-08-30,41.49,41.195,41.2,41.583,27,PNCGQc1
